file_id,num_chunks,sentiment_negative,sentiment_neutral,sentiment_positive,sentiment_negative_mean,sentiment_neutral_mean,sentiment_positive_mean,confidence_mean,confidence_std,confidence_min,dominant_sentiment,dominant_sentiment_score,chunk_sentiments,chunk_confidences,sector,sentiment_negative_std,sentiment_neutral_std,sentiment_positive_std,sentiment_negative_p05,sentiment_negative_p25,sentiment_negative_p75,sentiment_negative_p95,sentiment_neutral_p05,sentiment_neutral_p25,sentiment_neutral_p75,sentiment_neutral_p95,sentiment_positive_p05,sentiment_positive_p25,sentiment_positive_p75,sentiment_positive_p95,sentiment_variability,sentiment_entropy
4384198,18,0.23631570932358092,0.7063518126286052,0.05733247271174139,0.24895711579989874,0.6913535960807672,0.05968928374772537,0.9296886556678348,0.12270252477248146,0.6080310344696045,neutral,0.7063518126286052,"[{'negative': 0.9997660517692566, 'neutral': 0.00022892685956321657, 'positive': 5.050605977885425e-06}, {'negative': 5.6212932086907585e-09, 'neutral': 1.0, 'positive': 7.465634332959326e-09}, {'negative': 3.571763684817597e-08, 'neutral': 0.9999998807907104, 'positive': 4.8588351120315565e-08}, {'negative': 7.150435408220801e-07, 'neutral': 0.999996542930603, 'positive': 2.760820507319295e-06}, {'negative': 1.5953824572534359e-07, 'neutral': 0.9999997615814209, 'positive': 4.837049516481784e-08}, {'negative': 0.0007630822365172207, 'neutral': 0.9992160797119141, 'positive': 2.0833584130741656e-05}, {'negative': 0.9745594263076782, 'neutral': 0.0037347509060055017, 'positive': 0.021705806255340576}, {'negative': 0.00012665663962252438, 'neutral': 0.9998729228973389, 'positive': 4.046448509598122e-07}, {'negative': 0.2817769944667816, 'neutral': 0.7173884510993958, 'positive': 0.0008345494861714542}, {'negative': 0.0802713930606842, 'neutral': 0.00029889916186220944, 'positive': 0.9194296598434448}, {'negative': 0.0940687358379364, 'neutral': 0.891940712928772, 'positive': 0.013990480452775955}, {'negative': 0.6738486289978027, 'neutral': 0.20781069993972778, 'positive': 0.11834070831537247}, {'negative': 0.00220143748447299, 'neutral': 0.9977976083755493, 'positive': 1.0006572210841114e-06}, {'negative': 0.014605866745114326, 'neutral': 0.9853907823562622, 'positive': 3.3912222079379717e-06}, {'negative': 0.3919556438922882, 'neutral': 0.6080310344696045, 'positive': 1.3347792446438689e-05}, {'negative': 0.967221200466156, 'neutral': 0.032720617949962616, 'positive': 5.820734077133238e-05}, {'negative': 6.130039400886744e-05, 'neutral': 0.999937891960144, 'positive': 7.661737981834449e-07}, {'negative': 7.501791401409719e-07, 'neutral': 0.9999991655349731, 'positive': 3.5839558876205047e-08}]","[0.9997660517692566, 1.0, 0.9999998807907104, 0.999996542930603, 0.9999997615814209, 0.9992160797119141, 0.9745594263076782, 0.9998729228973389, 0.7173884510993958, 0.9194296598434448, 0.891940712928772, 0.6738486289978027, 0.9977976083755493, 0.9853907823562622, 0.6080310344696045, 0.967221200466156, 0.999937891960144, 0.9999991655349731]",Industrial Goods,0.3705695424865916,0.41401557001974293,0.21027659140003943,3.120318530225319e-08,1.588773285732259e-05,0.36441098153591156,0.9783404201269149,0.0002884033165173605,0.30786578357219696,0.9999818801879883,0.9999998986721039,3.1583470194718194e-08,4.950270877657204e-07,0.0006404639498214237,0.23850405104458217,0.3316205679687913,0.7695902189279653
4344338,21,0.3874359639412403,0.5874108805905818,0.025153153599989802,0.3952465397636475,0.5705295189103968,0.034223939646238086,0.9372490871520269,0.10609813921513067,0.6228619813919067,neutral,0.5874108805905818,"[{'negative': 0.9999648332595825, 'neutral': 2.1521689632209018e-05, 'positive': 1.3604376363218762e-05}, {'negative': 0.12383970618247986, 'neutral': 0.8761183619499207, 'positive': 4.194350549369119e-05}, {'negative': 1.850256126090244e-07, 'neutral': 0.9999997615814209, 'positive': 1.1595110649409435e-08}, {'negative': 1.0027524410816113e-07, 'neutral': 0.9999998807907104, 'positive': 4.449907820003318e-08}, {'negative': 1.1512187647610972e-08, 'neutral': 1.0, 'positive': 1.3287726474686679e-08}, {'negative': 2.9963828751533583e-07, 'neutral': 0.9999972581863403, 'positive': 2.4383907657465898e-06}, {'negative': 0.00022301643912214786, 'neutral': 0.8298676609992981, 'positive': 0.1699092537164688}, {'negative': 3.7608853745041415e-05, 'neutral': 0.9999613761901855, 'positive': 1.0290393674949883e-06}, {'negative': 0.99904865026474, 'neutral': 0.0004152476612944156, 'positive': 0.0005361055955290794}, {'negative': 0.6228619813919067, 'neutral': 0.02474120445549488, 'positive': 0.35239678621292114}, {'negative': 8.93839910531824e-07, 'neutral': 0.9999990463256836, 'positive': 1.0024418628518106e-07}, {'negative': 0.004868689458817244, 'neutral': 0.9951297044754028, 'positive': 1.6203459836106049e-06}, {'negative': 0.030582668259739876, 'neutral': 0.9693959951400757, 'positive': 2.1342742911656387e-05}, {'negative': 6.08459140494233e-06, 'neutral': 0.9999936819076538, 'positive': 1.9615374924342177e-07}, {'negative': 0.9503232836723328, 'neutral': 0.04910678043961525, 'positive': 0.0005699660978280008}, {'negative': 0.970186173915863, 'neutral': 0.029585041105747223, 'positive': 0.00022876965522300452}, {'negative': 0.06437729299068451, 'neutral': 0.9355273246765137, 'positive': 9.536159632261842e-05}, {'negative': 0.9931511878967285, 'neutral': 0.001574427937157452, 'positive': 0.005274387076497078}, {'negative': 0.8714725375175476, 'neutral': 0.12792128324508667, 'positive': 0.0006062015891075134}, {'negative': 0.6721121072769165, 'neutral': 0.13983942568302155, 'positive': 0.18804852664470673}, {'negative': 0.9971200227737427, 'neutral': 0.001924912678077817, 'positive': 0.0009550302056595683}]","[0.9999648332595825, 0.8761183619499207, 0.9999997615814209, 0.9999998807907104, 1.0, 0.9999972581863403, 0.8298676609992981, 0.9999613761901855, 0.99904865026474, 0.6228619813919067, 0.9999990463256836, 0.9951297044754028, 0.9693959951400757, 0.9999936819076538, 0.9503232836723328, 0.970186173915863, 0.9355273246765137, 0.9931511878967285, 0.8714725375175476, 0.6721121072769165, 0.9971200227737427]",Conglomerate,0.4451848497561655,0.4611388807062736,0.088330503196371,1.0027524410816113e-07,6.08459140494233e-06,0.9503232836723328,0.99904865026474,0.0004152476612944156,0.029585041105747223,0.9999936819076538,0.9999998807907104,1.3287726474686679e-08,1.0290393674949883e-06,0.0006062015891075134,0.18804852664470673,0.3315514112196034,0.8025614896443732
4374910,15,0.6580315086815672,0.3407777822380107,0.0011906958347195763,0.6490294070914387,0.34972915857018355,0.0012414227667856418,0.9163333415985108,0.11094982044553077,0.685221254825592,negative,0.6580315086815672,"[{'negative': 0.9997914433479309, 'neutral': 7.52680671212147e-06, 'positive': 0.00020106245938222855}, {'negative': 0.9968582391738892, 'neutral': 0.0018259183270856738, 'positive': 0.0013158114161342382}, {'negative': 0.9996337890625, 'neutral': 1.7707494407659397e-05, 'positive': 0.0003484284388832748}, {'negative': 0.9964522123336792, 'neutral': 0.000533212092705071, 'positive': 0.003014542395249009}, {'negative': 0.10915972292423248, 'neutral': 0.8878269195556641, 'positive': 0.0030133849941194057}, {'negative': 0.03724416717886925, 'neutral': 0.9609419107437134, 'positive': 0.0018139209132641554}, {'negative': 0.8013085126876831, 'neutral': 0.19805729389190674, 'positive': 0.0006342084961943328}, {'negative': 0.0012722006067633629, 'neutral': 0.9987217783927917, 'positive': 6.036972990841605e-06}, {'negative': 0.685221254825592, 'neutral': 0.31211185455322266, 'positive': 0.0026669108774513006}, {'negative': 0.9601027965545654, 'neutral': 0.039244599640369415, 'positive': 0.0006525734206661582}, {'negative': 0.9992203712463379, 'neutral': 0.0006964424974285066, 'positive': 8.31128636491485e-05}, {'negative': 0.8062486052513123, 'neutral': 0.19011439383029938, 'positive': 0.00363703235052526}, {'negative': 0.9980270266532898, 'neutral': 0.0011925565777346492, 'positive': 0.0007803438929840922}, {'negative': 0.034479446709156036, 'neutral': 0.9654931426048279, 'positive': 2.7441783458925784e-05}, {'negative': 0.31042131781578064, 'neutral': 0.6891521215438843, 'positive': 0.0004265302268322557}]","[0.9997914433479309, 0.9968582391738892, 0.9996337890625, 0.9964522123336792, 0.8878269195556641, 0.9609419107437134, 0.8013085126876831, 0.9987217783927917, 0.685221254825592, 0.9601027965545654, 0.9992203712463379, 0.8062486052513123, 0.9980270266532898, 0.9654931426048279, 0.6891521215438843]",Financial,0.4046165462498141,0.40462914905091796,0.001216594899504881,0.02451727287843824,0.20979052037000656,0.9974426329135895,0.9996810853481293,1.4653288098998019e-05,0.0009444995375815779,0.7884895205497742,0.975461733341217,2.102034031850053e-05,0.0002747454491327517,0.002240415895357728,0.0032012893818318838,0.27015409673341234,0.6562917660156943
4346923,31,0.5402500771762659,0.4255539045337285,0.03419601109405248,0.5383879889814749,0.42838516807267063,0.03322683610194175,0.9624955135007058,0.10081782347741951,0.5489348769187927,negative,0.5402500771762659,"[{'negative': 0.9999797344207764, 'neutral': 1.1868910405610222e-05, 'positive': 8.29176224215189e-06}, {'negative': 0.009961796924471855, 'neutral': 0.9895469546318054, 'positive': 0.0004913154989480972}, {'negative': 0.3145330250263214, 'neutral': 0.685430645942688, 'positive': 3.631913205026649e-05}, {'negative': 0.0035734802950173616, 'neutral': 0.003894210560247302, 'positive': 0.9925323128700256}, {'negative': 2.4999269498948706e-06, 'neutral': 0.9999971389770508, 'positive': 3.53291170540615e-07}, {'negative': 0.0012188890250399709, 'neutral': 0.9985281229019165, 'positive': 0.00025296813691966236}, {'negative': 0.00023066636640578508, 'neutral': 0.9995425939559937, 'positive': 0.00022672818158753216}, {'negative': 0.011637228541076183, 'neutral': 0.9616865515708923, 'positive': 0.026676224544644356}, {'negative': 0.9943519830703735, 'neutral': 0.005417554639279842, 'positive': 0.00023043606779538095}, {'negative': 0.9930907487869263, 'neutral': 0.006826053839176893, 'positive': 8.318095206050202e-05}, {'negative': 0.9998049139976501, 'neutral': 6.816037966927979e-06, 'positive': 0.0001882883079815656}, {'negative': 0.9998248219490051, 'neutral': 1.0470565939613152e-05, 'positive': 0.0001647693570703268}, {'negative': 0.9991831183433533, 'neutral': 0.000696784642059356, 'positive': 0.00012011781655019149}, {'negative': 0.5489348769187927, 'neutral': 0.44872480630874634, 'positive': 0.0023403603117913008}, {'negative': 0.9953386783599854, 'neutral': 0.0042493040673434734, 'positive': 0.000411917339079082}, {'negative': 8.975784294307232e-05, 'neutral': 0.9998364448547363, 'positive': 7.382532203337178e-05}, {'negative': 0.9995410442352295, 'neutral': 0.0002798479108605534, 'positive': 0.00017910299357026815}, {'negative': 0.9973270893096924, 'neutral': 0.0006239676149562001, 'positive': 0.0020489150192588568}, {'negative': 1.1343648793626926e-06, 'neutral': 0.9999983310699463, 'positive': 5.100486646369973e-07}, {'negative': 0.9999055862426758, 'neutral': 4.713301677838899e-05, 'positive': 4.7311354137491435e-05}, {'negative': 0.7762820720672607, 'neutral': 0.2229345440864563, 'positive': 0.000783308467362076}, {'negative': 0.00030193643760867417, 'neutral': 0.9996950626373291, 'positive': 3.0407302347157383e-06}, {'negative': 0.0002249568933621049, 'neutral': 0.9996950626373291, 'positive': 8.005654672160745e-05}, {'negative': 0.9946670532226562, 'neutral': 0.0031051700934767723, 'positive': 0.0022277943789958954}, {'negative': 0.9996041655540466, 'neutral': 0.0002776863402687013, 'positive': 0.00011816883488791063}, {'negative': 5.667621371685527e-05, 'neutral': 0.9999421834945679, 'positive': 1.0913732921835617e-06}, {'negative': 0.9892386198043823, 'neutral': 0.010371946729719639, 'positive': 0.0003894154797308147}, {'negative': 0.06536734104156494, 'neutral': 0.9345599412918091, 'positive': 7.277068652911112e-05}, {'negative': 0.0032232385128736496, 'neutral': 0.9967645406723022, 'positive': 1.2164251529611647e-05}, {'negative': 0.9995747208595276, 'neutral': 0.0003008174244314432, 'positive': 0.000124374870210886}, {'negative': 0.9929558038711548, 'neutral': 0.006937652826309204, 'positive': 0.00010648523311829194}]","[0.9999797344207764, 0.9895469546318054, 0.685430645942688, 0.9925323128700256, 0.9999971389770508, 0.9985281229019165, 0.9995425939559937, 0.9616865515708923, 0.9943519830703735, 0.9930907487869263, 0.9998049139976501, 0.9998248219490051, 0.9991831183433533, 0.5489348769187927, 0.9953386783599854, 0.9998364448547363, 0.9995410442352295, 0.9973270893096924, 0.9999983310699463, 0.9999055862426758, 0.7762820720672607, 0.9996950626373291, 0.9996950626373291, 0.9946670532226562, 0.9996041655540466, 0.9999421834945679, 0.9892386198043823, 0.9345599412918091, 0.9967645406723022, 0.9995747208595276, 0.9929558038711548]",Industrial Goods,0.4728355163152776,0.4682732060037919,0.17520710990669655,2.958807033337507e-05,0.0022210637689568102,0.9982551038265228,0.9998652040958405,1.1169738172611687e-05,0.000660376128507778,0.9976463317871094,0.9999696612358093,8.007109784102795e-07,6.0041020333301276e-05,0.00040066640940494835,0.014508292428217828,0.3721052774085887,0.8096302285915448
4359971,29,0.45252800564989826,0.49780069069851157,0.04967131415294596,0.45239452040418027,0.4869776312084312,0.06062785671872903,0.8957275203589735,0.18591500507885,0.41418835520744324,neutral,0.49780069069851157,"[{'negative': 0.9999616146087646, 'neutral': 1.804148814699147e-05, 'positive': 2.041975676547736e-05}, {'negative': 1.1908202395716216e-05, 'neutral': 0.9999871253967285, 'positive': 1.0148697811018792e-06}, {'negative': 0.0003551395784597844, 'neutral': 0.9987554550170898, 'positive': 0.0008893629419617355}, {'negative': 0.5403189659118652, 'neutral': 0.41545429825782776, 'positive': 0.04422672092914581}, {'negative': 0.0004966036067344248, 'neutral': 0.997863233089447, 'positive': 0.0016401733737438917}, {'negative': 0.0002998064155690372, 'neutral': 0.9996716976165771, 'positive': 2.8516078600659966e-05}, {'negative': 1.6133653844008222e-05, 'neutral': 0.9999828338623047, 'positive': 1.0268508958688471e-06}, {'negative': 1.3168278201192152e-07, 'neutral': 0.9999997615814209, 'positive': 6.249514683531743e-08}, {'negative': 0.03316596895456314, 'neutral': 0.9446191191673279, 'positive': 0.02221485786139965}, {'negative': 0.9984614849090576, 'neutral': 0.0009524601045995951, 'positive': 0.0005861090612597764}, {'negative': 0.003848947584629059, 'neutral': 0.9370894432067871, 'positive': 0.05906163528561592}, {'negative': 0.1029045507311821, 'neutral': 0.0031417272984981537, 'positive': 0.8939537405967712}, {'negative': 0.49564099311828613, 'neutral': 0.460004985332489, 'positive': 0.04435398429632187}, {'negative': 0.17674779891967773, 'neutral': 0.40906384587287903, 'positive': 0.41418835520744324}, {'negative': 0.0009822441497817636, 'neutral': 0.999015212059021, 'positive': 2.500556092854822e-06}, {'negative': 0.9892323017120361, 'neutral': 0.0014724351931363344, 'positive': 0.009295246563851833}, {'negative': 0.9951621890068054, 'neutral': 4.44270990556106e-05, 'positive': 0.0047935256734490395}, {'negative': 0.997314989566803, 'neutral': 0.0020271441899240017, 'positive': 0.0006578262546099722}, {'negative': 0.6229714751243591, 'neutral': 0.37551799416542053, 'positive': 0.0015105123165994883}, {'negative': 0.0006519286544062197, 'neutral': 0.999322772026062, 'positive': 2.5362338419654407e-05}, {'negative': 0.48994964361190796, 'neutral': 0.47878989577293396, 'positive': 0.031260471791028976}, {'negative': 0.9715562462806702, 'neutral': 0.028122376650571823, 'positive': 0.00032141516567207873}, {'negative': 0.9955785870552063, 'neutral': 0.00016039001639001071, 'positive': 0.004261040594428778}, {'negative': 0.9998996257781982, 'neutral': 4.415263538248837e-05, 'positive': 5.6238070101244375e-05}, {'negative': 0.9992353916168213, 'neutral': 0.0006575547740794718, 'positive': 0.00010705721797421575}, {'negative': 0.003946638200432062, 'neutral': 0.9960373044013977, 'positive': 1.6056867025326937e-05}, {'negative': 0.7046594023704529, 'neutral': 0.07125214487314224, 'positive': 0.22408843040466309}, {'negative': 0.00019913485448341817, 'neutral': 0.9997978806495667, 'positive': 3.01005434266699e-06}, {'negative': 0.9958712458610535, 'neutral': 0.003485593246296048, 'positive': 0.0006431713700294495}]","[0.9999616146087646, 0.9999871253967285, 0.9987554550170898, 0.5403189659118652, 0.997863233089447, 0.9996716976165771, 0.9999828338623047, 0.9999997615814209, 0.9446191191673279, 0.9984614849090576, 0.9370894432067871, 0.8939537405967712, 0.49564099311828613, 0.41418835520744324, 0.999015212059021, 0.9892323017120361, 0.9951621890068054, 0.997314989566803, 0.6229714751243591, 0.999322772026062, 0.48994964361190796, 0.9715562462806702, 0.9955785870552063, 0.9998996257781982, 0.9992353916168213, 0.9960373044013977, 0.7046594023704529, 0.9997978806495667, 0.9958712458610535]",Industrial Goods,0.4416128049249853,0.4472812001203021,0.17843586856737062,1.359838297503302e-05,0.0006519286544062197,0.9951621890068054,0.9996339321136475,4.426242085173726e-05,0.0020271441899240017,0.9987554550170898,0.9999854087829589,1.0196622270086665e-06,2.5362338419654407e-05,0.02221485786139965,0.3381483852863308,0.35577662453755265,0.8791780255593693
4344866,26,0.6036981594656864,0.3776136255137776,0.018688204902547165,0.5846769213598096,0.38854355762940973,0.02677951179556168,0.945976211474492,0.10275476465664045,0.628557026386261,negative,0.6036981594656864,"[{'negative': 0.9999459981918335, 'neutral': 3.9452770579373464e-05, 'positive': 1.4497705706162378e-05}, {'negative': 0.9892770051956177, 'neutral': 0.008953838609158993, 'positive': 0.0017691542161628604}, {'negative': 0.006912460550665855, 'neutral': 0.993059515953064, 'positive': 2.8033216949552298e-05}, {'negative': 0.0008913065539672971, 'neutral': 0.9990936517715454, 'positive': 1.5039197023725137e-05}, {'negative': 0.9998125433921814, 'neutral': 0.00011970159539487213, 'positive': 6.786742596887052e-05}, {'negative': 0.0707356333732605, 'neutral': 0.9291621446609497, 'positive': 0.00010215238580713049}, {'negative': 0.9997554421424866, 'neutral': 0.0002314202138222754, 'positive': 1.3150229278835468e-05}, {'negative': 0.017701705917716026, 'neutral': 0.34342634677886963, 'positive': 0.6388720273971558}, {'negative': 0.10119101405143738, 'neutral': 0.8606998324394226, 'positive': 0.03810909762978554}, {'negative': 0.0004733399546239525, 'neutral': 0.9994866847991943, 'positive': 3.9914641092764214e-05}, {'negative': 0.14531512558460236, 'neutral': 0.8544433116912842, 'positive': 0.00024158931046258658}, {'negative': 0.0007371937390416861, 'neutral': 0.9992602467536926, 'positive': 2.4963555915746838e-06}, {'negative': 0.9997665286064148, 'neutral': 0.00010558278154348955, 'positive': 0.00012782512931153178}, {'negative': 0.1696518510580063, 'neutral': 0.8292591571807861, 'positive': 0.0010890039848163724}, {'negative': 0.980160117149353, 'neutral': 0.0060077388770878315, 'positive': 0.013832163996994495}, {'negative': 0.999798595905304, 'neutral': 0.00016489881090819836, 'positive': 3.646608820417896e-05}, {'negative': 0.9999004602432251, 'neutral': 1.168641301774187e-05, 'positive': 8.790207357378677e-05}, {'negative': 0.07879585772752762, 'neutral': 0.9205284118652344, 'positive': 0.0006756637594662607}, {'negative': 0.9945167899131775, 'neutral': 0.005047524347901344, 'positive': 0.0004356893477961421}, {'negative': 0.9999157190322876, 'neutral': 1.9061396869801683e-06, 'positive': 8.239614544436336e-05}, {'negative': 0.9997857213020325, 'neutral': 0.00017265192582271993, 'positive': 4.1646748286439106e-05}, {'negative': 0.9999140501022339, 'neutral': 4.632592390407808e-05, 'positive': 3.9601989556103945e-05}, {'negative': 0.9996715784072876, 'neutral': 2.365964974160306e-05, 'positive': 0.00030471006175503135}, {'negative': 0.018833110108971596, 'neutral': 0.9811551570892334, 'positive': 1.1750611520255916e-05}, {'negative': 0.9995837807655334, 'neutral': 0.000248161144554615, 'positive': 0.00016800394223537296}, {'negative': 0.628557026386261, 'neutral': 0.3713834881782532, 'positive': 5.9463094657985494e-05}]","[0.9999459981918335, 0.9892770051956177, 0.993059515953064, 0.9990936517715454, 0.9998125433921814, 0.9291621446609497, 0.9997554421424866, 0.6388720273971558, 0.8606998324394226, 0.9994866847991943, 0.8544433116912842, 0.9992602467536926, 0.9997665286064148, 0.8292591571807861, 0.980160117149353, 0.999798595905304, 0.9999004602432251, 0.9205284118652344, 0.9945167899131775, 0.9999157190322876, 0.9997857213020325, 0.9999140501022339, 0.9996715784072876, 0.9811551570892334, 0.9995837807655334, 0.628557026386261]",Utilities,0.46007000734426406,0.44482794468822234,0.12265658747724058,0.0007757219427730888,0.07275068946182728,0.999780923128128,0.9999153017997742,1.4679722198707168e-05,0.00013100089927320369,0.9055712670087814,0.9992185980081558,1.2100515959900804e-05,3.7250063542160206e-05,0.0004029445262858644,0.03203986422158778,0.3425181798365757,0.7780483267893211
4384964,31,0.9247039846421242,0.07484499127912474,0.00045103401644441463,0.9147879137946744,0.0847663042714892,0.000445791966802561,0.9806240700906322,0.06281325040423168,0.6716119647026062,negative,0.9247039846421242,"[{'negative': 0.9999772310256958, 'neutral': 2.0974433937226422e-05, 'positive': 1.7403523315806524e-06}, {'negative': 0.0007442618370987475, 'neutral': 0.9992546439170837, 'positive': 1.1240331332373898e-06}, {'negative': 0.32838162779808044, 'neutral': 0.6716119647026062, 'positive': 6.444857717724517e-06}, {'negative': 0.9994087219238281, 'neutral': 8.976309618446976e-05, 'positive': 0.0005015562637709081}, {'negative': 0.9498212933540344, 'neutral': 0.050147585570812225, 'positive': 3.1083516660146415e-05}, {'negative': 0.9805577993392944, 'neutral': 0.019417116418480873, 'positive': 2.5082115826080553e-05}, {'negative': 0.9989349246025085, 'neutral': 0.0009529480594210327, 'positive': 0.00011218544386792928}, {'negative': 0.9999840259552002, 'neutral': 4.092448762094136e-06, 'positive': 1.197264100483153e-05}, {'negative': 0.9997091889381409, 'neutral': 0.00021792280313093215, 'positive': 7.281651051016524e-05}, {'negative': 0.9993846416473389, 'neutral': 0.0004938419442623854, 'positive': 0.00012152949057053775}, {'negative': 0.9963843822479248, 'neutral': 0.0016599707305431366, 'positive': 0.0019556875340640545}, {'negative': 0.9928653240203857, 'neutral': 0.00016537569172214717, 'positive': 0.0069693634286522865}, {'negative': 0.9893303513526917, 'neutral': 0.010377193801105022, 'positive': 0.00029254014953039587}, {'negative': 0.9807024598121643, 'neutral': 0.018387027084827423, 'positive': 0.0009105282952077687}, {'negative': 0.999430239200592, 'neutral': 1.6183697880478576e-05, 'positive': 0.0005534892552532256}, {'negative': 0.9992874264717102, 'neutral': 7.736562110949308e-05, 'positive': 0.0006352568161673844}, {'negative': 0.9999734163284302, 'neutral': 5.526684162759921e-06, 'positive': 2.105917883454822e-05}, {'negative': 0.9999750852584839, 'neutral': 1.6163708096428309e-06, 'positive': 2.3231885279528797e-05}, {'negative': 0.999975323677063, 'neutral': 7.531774372182554e-06, 'positive': 1.7223754184669815e-05}, {'negative': 0.9998942613601685, 'neutral': 2.8080537504138192e-06, 'positive': 0.00010290323552908376}, {'negative': 0.9999531507492065, 'neutral': 4.5835158744012006e-06, 'positive': 4.235278902342543e-05}, {'negative': 0.9978366494178772, 'neutral': 0.0019391635432839394, 'positive': 0.00022422648908104748}, {'negative': 0.9999686479568481, 'neutral': 1.3173664683563402e-06, 'positive': 2.9983753847773187e-05}, {'negative': 0.9998601675033569, 'neutral': 9.793691788217984e-06, 'positive': 0.00013005237269680947}, {'negative': 0.9995723366737366, 'neutral': 7.139066838135477e-06, 'positive': 0.0004205515724606812}, {'negative': 0.9998651742935181, 'neutral': 0.00011785942479036748, 'positive': 1.688624433882069e-05}, {'negative': 0.15033048391342163, 'neutral': 0.8495106101036072, 'positive': 0.0001588837621966377}, {'negative': 0.9999505281448364, 'neutral': 1.061488660525356e-06, 'positive': 4.8339043132727966e-05}, {'negative': 0.9999462366104126, 'neutral': 7.2107086452888325e-06, 'positive': 4.6587309043388814e-05}, {'negative': 0.999288022518158, 'neutral': 0.0006671297014690936, 'positive': 4.496838664636016e-05}, {'negative': 0.9971319437026978, 'neutral': 0.0025781108997762203, 'positive': 0.00028990049031563103}]","[0.9999772310256958, 0.9992546439170837, 0.6716119647026062, 0.9994087219238281, 0.9498212933540344, 0.9805577993392944, 0.9989349246025085, 0.9999840259552002, 0.9997091889381409, 0.9993846416473389, 0.9963843822479248, 0.9928653240203857, 0.9893303513526917, 0.9807024598121643, 0.999430239200592, 0.9992874264717102, 0.9999734163284302, 0.9999750852584839, 0.999975323677063, 0.9998942613601685, 0.9999531507492065, 0.9978366494178772, 0.9999686479568481, 0.9998601675033569, 0.9995723366737366, 0.9998651742935181, 0.8495106101036072, 0.9999505281448364, 0.9999462366104126, 0.999288022518158, 0.9971319437026978]",Utilities,0.2507980819958443,0.2509239745875853,0.0012510815473878284,0.23935605585575104,0.9946248531341553,0.9999483823776245,0.9999762773513794,1.4668686389995855e-06,7.174887741712155e-06,0.00225863722153008,0.7605612874031067,4.092605024652585e-06,2.4157000552804675e-05,0.00029122031992301345,0.0014331079146359116,0.1676577127102725,0.29410449930566146
4346818,32,0.5568715680098315,0.42825939909710004,0.01486902613885624,0.5604707961595943,0.41908854073714963,0.02044065572527698,0.956325700506568,0.08889697529789604,0.5708478689193726,negative,0.5568715680098315,"[{'negative': 0.9999696016311646, 'neutral': 2.1639885744662024e-05, 'positive': 8.715232979739085e-06}, {'negative': 0.999859094619751, 'neutral': 0.00013874507567379624, 'positive': 2.176737780246185e-06}, {'negative': 1.3587767170974985e-05, 'neutral': 0.9999858140945435, 'positive': 5.53762333765917e-07}, {'negative': 0.0017509739845991135, 'neutral': 0.9982036352157593, 'positive': 4.534024992608465e-05}, {'negative': 0.04453539848327637, 'neutral': 0.9553751945495605, 'positive': 8.941190753830597e-05}, {'negative': 0.0024928757920861244, 'neutral': 0.9975041747093201, 'positive': 3.0164442250679713e-06}, {'negative': 0.9442458152770996, 'neutral': 0.004761355929076672, 'positive': 0.05099274963140488}, {'negative': 0.8389091491699219, 'neutral': 0.12840795516967773, 'positive': 0.03268291428685188}, {'negative': 0.5708478689193726, 'neutral': 0.012169234454631805, 'positive': 0.41698288917541504}, {'negative': 0.013899215497076511, 'neutral': 0.8970949053764343, 'positive': 0.08900591731071472}, {'negative': 1.7619420589198853e-07, 'neutral': 0.9999996423721313, 'positive': 1.5266117259216117e-07}, {'negative': 5.833340310346102e-06, 'neutral': 0.9999724626541138, 'positive': 2.1755371562903747e-05}, {'negative': 0.000738880189601332, 'neutral': 0.9987733960151672, 'positive': 0.00048769605928100646}, {'negative': 0.9983153343200684, 'neutral': 0.00025557965273037553, 'positive': 0.0014290232211351395}, {'negative': 0.9534608721733093, 'neutral': 0.00349880987778306, 'positive': 0.043040283024311066}, {'negative': 1.0056171959149651e-05, 'neutral': 0.9999840259552002, 'positive': 5.876525392523035e-06}, {'negative': 0.9966201782226562, 'neutral': 0.003219140926375985, 'positive': 0.00016058508481364697}, {'negative': 0.001200126251205802, 'neutral': 0.9987890124320984, 'positive': 1.0901422683673445e-05}, {'negative': 0.8103125691413879, 'neutral': 0.18935294449329376, 'positive': 0.0003344224242027849}, {'negative': 0.9908163547515869, 'neutral': 0.00818111002445221, 'positive': 0.001002501929178834}, {'negative': 0.7876269817352295, 'neutral': 0.21046216785907745, 'positive': 0.001910776598379016}, {'negative': 0.05010436475276947, 'neutral': 0.9493969082832336, 'positive': 0.0004987732390873134}, {'negative': 0.9959033131599426, 'neutral': 0.0004346791538409889, 'positive': 0.0036620344035327435}, {'negative': 0.997916042804718, 'neutral': 0.0005076159723103046, 'positive': 0.0015763461124151945}, {'negative': 0.9995331764221191, 'neutral': 0.00024771923199296, 'positive': 0.0002191196836065501}, {'negative': 1.4734883734490722e-05, 'neutral': 0.9999837875366211, 'positive': 1.4855954759696033e-06}, {'negative': 0.976753830909729, 'neutral': 0.019646426662802696, 'positive': 0.0035997931845486164}, {'negative': 0.9609980583190918, 'neutral': 0.032874781638383865, 'positive': 0.0061270748265087605}, {'negative': 0.9999545812606812, 'neutral': 4.505207016336499e-06, 'positive': 4.088054993189871e-05}, {'negative': 0.9999468326568604, 'neutral': 3.257746357121505e-05, 'positive': 2.0670991943916306e-05}, {'negative': 0.9918426275253296, 'neutral': 0.0080261817201972, 'positive': 0.00013128604041412473}, {'negative': 0.006466970779001713, 'neutral': 0.9935271739959717, 'positive': 5.859520115336636e-06}]","[0.9999696016311646, 0.999859094619751, 0.9999858140945435, 0.9982036352157593, 0.9553751945495605, 0.9975041747093201, 0.9442458152770996, 0.8389091491699219, 0.5708478689193726, 0.8970949053764343, 0.9999996423721313, 0.9999724626541138, 0.9987733960151672, 0.9983153343200684, 0.9534608721733093, 0.9999840259552002, 0.9966201782226562, 0.9987890124320984, 0.8103125691413879, 0.9908163547515869, 0.7876269817352295, 0.9493969082832336, 0.9959033131599426, 0.997916042804718, 0.9995331764221191, 0.9999837875366211, 0.976753830909729, 0.9609980583190918, 0.9999545812606812, 0.9999468326568604, 0.9918426275253296, 0.9935271739959717]",Industrial Goods,0.4636489838500261,0.47005581601413815,0.07374390335868626,8.155897717188054e-06,0.0023074003402143717,0.996082529425621,0.9999503195285797,2.7655553549266187e-05,0.002541259687859565,0.9976790398359299,0.9999848306179047,1.0662705619779445e-06,1.0354875257689855e-05,0.002333030744921416,0.06809867508709427,0.3358162344076168,0.7684891947523388
4385939,26,0.5821955018773174,0.40697076588274683,0.010833724655794096,0.5883911765099583,0.3983498988982319,0.01325891565735359,0.9293914185120509,0.12622454228158866,0.505759060382843,negative,0.5821955018773174,"[{'negative': 0.9999208450317383, 'neutral': 6.483807374024764e-05, 'positive': 1.428178438800387e-05}, {'negative': 0.048411570489406586, 'neutral': 0.951484739780426, 'positive': 0.00010373438999522477}, {'negative': 0.9817360639572144, 'neutral': 5.244630665401928e-05, 'positive': 0.01821148954331875}, {'negative': 0.7366829514503479, 'neutral': 0.00017104719881899655, 'positive': 0.26314595341682434}, {'negative': 4.336819074524101e-06, 'neutral': 0.9999887943267822, 'positive': 6.893462796142558e-06}, {'negative': 0.9976977705955505, 'neutral': 0.0017309722024947405, 'positive': 0.0005711971316486597}, {'negative': 0.0001654590741964057, 'neutral': 0.9998326301574707, 'positive': 1.9055323718930595e-06}, {'negative': 0.6466205716133118, 'neutral': 0.35196825861930847, 'positive': 0.0014111979398876429}, {'negative': 0.0006430541398003697, 'neutral': 0.9993541836738586, 'positive': 2.7904172839043895e-06}, {'negative': 0.00021741823002230376, 'neutral': 0.99978107213974, 'positive': 1.4837524986432982e-06}, {'negative': 0.9790128469467163, 'neutral': 0.014920198358595371, 'positive': 0.006066938862204552}, {'negative': 0.9858800768852234, 'neutral': 0.011882993392646313, 'positive': 0.0022369511425495148}, {'negative': 0.8779492974281311, 'neutral': 0.11934123188257217, 'positive': 0.002709438093006611}, {'negative': 0.0024586154613643885, 'neutral': 0.9975376129150391, 'positive': 3.7638592402799986e-06}, {'negative': 0.9834488034248352, 'neutral': 0.016383295878767967, 'positive': 0.00016789296932984143}, {'negative': 0.9985623955726624, 'neutral': 0.0013097351184114814, 'positive': 0.00012784844147972763}, {'negative': 0.9490985870361328, 'neutral': 0.05077460780739784, 'positive': 0.0001268271735170856}, {'negative': 0.8530097007751465, 'neutral': 0.1465795934200287, 'positive': 0.00041073266766034067}, {'negative': 0.9913423657417297, 'neutral': 0.00859043374657631, 'positive': 6.725409912178293e-05}, {'negative': 0.9988119602203369, 'neutral': 0.0009674868197180331, 'positive': 0.0002205129130743444}, {'negative': 0.9955769777297974, 'neutral': 0.00406683748587966, 'positive': 0.00035617631510831416}, {'negative': 0.001175844925455749, 'neutral': 0.9988178610801697, 'positive': 6.223855962161906e-06}, {'negative': 0.7501384615898132, 'neutral': 0.20143401622772217, 'positive': 0.048427462577819824}, {'negative': 0.01208944246172905, 'neutral': 0.9878880381584167, 'positive': 2.2489542971015908e-05}, {'negative': 0.0017561112763360143, 'neutral': 0.9982432126998901, 'positive': 7.311183480851469e-07}, {'negative': 0.505759060382843, 'neutral': 0.49393123388290405, 'positive': 0.0003096360887866467}]","[0.9999208450317383, 0.951484739780426, 0.9817360639572144, 0.7366829514503479, 0.9999887943267822, 0.9976977705955505, 0.9998326301574707, 0.6466205716133118, 0.9993541836738586, 0.99978107213974, 0.9790128469467163, 0.9858800768852234, 0.8779492974281311, 0.9975376129150391, 0.9834488034248352, 0.9985623955726624, 0.9490985870361328, 0.8530097007751465, 0.9913423657417297, 0.9988119602203369, 0.9955769777297974, 0.9988178610801697, 0.7501384615898132, 0.9878880381584167, 0.9982432126998901, 0.505759060382843]",Consumer Goods,0.43875048207057177,0.4467867615508246,0.05091617833273595,0.00017844886315288022,0.004866322211455554,0.9852722585201263,0.9987495690584183,9.139035500993486e-05,0.005197736551053822,0.9951252192258835,0.999819740653038,1.5891974669557385e-06,8.740543194107886e-06,0.001201197737827897,0.040873469319194555,0.31215114065137745,0.7360315088647926
4386541,8,0.48890816509848434,0.5109461321886201,0.0001456904631968786,0.4924847930624443,0.507369984386969,0.0001452103412517003,0.9923309311270714,0.013828966934295294,0.9573915004730225,neutral,0.5109461321886201,"[{'negative': 0.9573915004730225, 'neutral': 0.04260219633579254, 'positive': 6.30366366749513e-06}, {'negative': 1.643126523731553e-08, 'neutral': 1.0, 'positive': 1.1372491393046857e-08}, {'negative': 7.690060010645539e-05, 'neutral': 0.9999216794967651, 'positive': 1.4149297840049258e-06}, {'negative': 0.00040679582161828876, 'neutral': 0.9993377327919006, 'positive': 0.0002554306120146066}, {'negative': 0.9874483942985535, 'neutral': 0.012419269420206547, 'positive': 0.00013229757314547896}, {'negative': 0.9997380375862122, 'neutral': 6.427506741601974e-05, 'positive': 0.00019768871425185353}, {'negative': 0.9948135614395142, 'neutral': 0.004618179053068161, 'positive': 0.0005682719056494534}, {'negative': 3.137849262202508e-06, 'neutral': 0.999996542930603, 'positive': 2.6395900931674987e-07}]","[0.9573915004730225, 1.0, 0.9999216794967651, 0.9993377327919006, 0.9874483942985535, 0.9997380375862122, 0.9948135614395142, 0.999996542930603]",Services,0.4925003785056664,0.4925835543111437,0.0001857803455231099,1.1089275641751329e-06,5.8459912395392166e-05,0.9892896860837936,0.9980144709348678,0.0016581414623942693,0.01046899682842195,0.9999403953552246,0.999998790025711,9.977777266634291e-08,1.1271870903328818e-06,0.0002121241886925418,0.00045877745287725686,0.32842323772077775,0.6943641945916815
4383161,25,0.35357584525783914,0.6189821097308904,0.027442052112987707,0.3512238080426474,0.6128219807641654,0.03595421772302631,0.9514443683624267,0.09399348967501947,0.6541463732719421,neutral,0.6189821097308904,"[{'negative': 0.9999207258224487, 'neutral': 7.287207699846476e-05, 'positive': 6.380110335157951e-06}, {'negative': 0.0021809295285493135, 'neutral': 0.9977689981460571, 'positive': 5.007756408303976e-05}, {'negative': 3.3362010753990035e-07, 'neutral': 0.9999985694885254, 'positive': 1.082780045180698e-06}, {'negative': 4.691609323259627e-09, 'neutral': 1.0, 'positive': 1.2497578083525696e-08}, {'negative': 1.9621813507342267e-08, 'neutral': 1.0, 'positive': 1.736666277452059e-08}, {'negative': 6.685963338526335e-09, 'neutral': 1.0, 'positive': 2.8951021135981136e-08}, {'negative': 5.661622282104872e-09, 'neutral': 1.0, 'positive': 4.652151996964449e-09}, {'negative': 1.659973136725057e-08, 'neutral': 1.0, 'positive': 1.4729509167921151e-08}, {'negative': 0.05411022529006004, 'neutral': 0.7875390648841858, 'positive': 0.15835066139698029}, {'negative': 3.7044106449002356e-08, 'neutral': 0.9999998807907104, 'positive': 4.1347682611103664e-08}, {'negative': 0.0023058420047163963, 'neutral': 0.9976867437362671, 'positive': 7.359016308328137e-06}, {'negative': 0.06747471541166306, 'neutral': 0.9322621822357178, 'positive': 0.00026309446548111737}, {'negative': 0.34576672315597534, 'neutral': 0.6541463732719421, 'positive': 8.691149560036138e-05}, {'negative': 0.028208917006850243, 'neutral': 0.9691768884658813, 'positive': 0.0026141174603253603}, {'negative': 0.002711645793169737, 'neutral': 0.9972512125968933, 'positive': 3.717155777849257e-05}, {'negative': 0.9909394979476929, 'neutral': 0.004473453853279352, 'positive': 0.004587035160511732}, {'negative': 0.9801693558692932, 'neutral': 0.004202926065772772, 'positive': 0.015627684071660042}, {'negative': 0.30264222621917725, 'neutral': 0.00029439054196700454, 'positive': 0.6970633864402771}, {'negative': 0.9447727799415588, 'neutral': 0.0408635288476944, 'positive': 0.014363748952746391}, {'negative': 0.995932400226593, 'neutral': 0.00033924629678949714, 'positive': 0.0037284509744495153}, {'negative': 0.9549246430397034, 'neutral': 0.044995151460170746, 'positive': 8.027364674489945e-05}, {'negative': 0.9999481439590454, 'neutral': 1.0398126505606342e-05, 'positive': 4.151772373006679e-05}, {'negative': 0.0006826371536590159, 'neutral': 0.9990618824958801, 'positive': 0.00025554304011166096}, {'negative': 0.9977722764015198, 'neutral': 0.0006315524224191904, 'positive': 0.0015961416065692902}, {'negative': 0.11013109236955643, 'neutral': 0.8897742033004761, 'positive': 9.468606731388718e-05}]","[0.9999207258224487, 0.9977689981460571, 0.9999985694885254, 1.0, 1.0, 1.0, 1.0, 1.0, 0.7875390648841858, 0.9999998807907104, 0.9976867437362671, 0.9322621822357178, 0.6541463732719421, 0.9691768884658813, 0.9972512125968933, 0.9909394979476929, 0.9801693558692932, 0.6970633864402771, 0.9447727799415588, 0.995932400226593, 0.9549246430397034, 0.9999481439590454, 0.9990618824958801, 0.9977722764015198, 0.8897742033004761]",Consumer Goods,0.44190290568906754,0.4581159904258559,0.13844127720899763,5.866490493389165e-09,3.3362010753990035e-07,0.9549246430397034,0.9994910359382629,0.00011717576999217277,0.004473453853279352,0.9999985694885254,1.0,1.2943964300404788e-08,1.082780045180698e-06,0.0026141174603253603,0.12980606593191582,0.34615339110797366,0.7871498033702565
4360674,28,0.35328802314057506,0.6465786005544004,0.00013337755783785025,0.35980043812561896,0.6400603452901318,0.0001392174320489849,0.9632897653750011,0.07967055840580231,0.6920526623725891,neutral,0.6465786005544004,"[{'negative': 0.9999850988388062, 'neutral': 1.006724687613314e-05, 'positive': 4.896918653685134e-06}, {'negative': 1.6483246767506898e-08, 'neutral': 1.0, 'positive': 6.4324532367265874e-09}, {'negative': 2.64610022782108e-08, 'neutral': 0.9999998807907104, 'positive': 1.4170790052503435e-07}, {'negative': 1.1183887949073323e-07, 'neutral': 0.9999998807907104, 'positive': 3.725945418864285e-08}, {'negative': 0.3079366981983185, 'neutral': 0.6920526623725891, 'positive': 1.060203430824913e-05}, {'negative': 0.0002746705140452832, 'neutral': 0.9997249245643616, 'positive': 3.732468485395657e-07}, {'negative': 3.7004869227530435e-05, 'neutral': 0.9999628067016602, 'positive': 1.7381169925556605e-07}, {'negative': 1.436375441699056e-06, 'neutral': 0.9999966621398926, 'positive': 1.952429101947928e-06}, {'negative': 2.612316620798083e-07, 'neutral': 0.9999996423721313, 'positive': 4.554676991119777e-08}, {'negative': 9.930848143824278e-09, 'neutral': 1.0, 'positive': 4.613088133709198e-09}, {'negative': 4.1816016960183333e-07, 'neutral': 0.9999995231628418, 'positive': 1.0446095544125455e-08}, {'negative': 0.9725027084350586, 'neutral': 0.027476150542497635, 'positive': 2.113660411851015e-05}, {'negative': 1.9447551125040263e-08, 'neutral': 1.0, 'positive': 3.6952794602029826e-08}, {'negative': 3.3510530101921177e-06, 'neutral': 0.9999966621398926, 'positive': 1.1582385717190391e-08}, {'negative': 2.1619467588607222e-05, 'neutral': 0.9999783039093018, 'positive': 3.591195962826532e-08}, {'negative': 9.983002513536121e-08, 'neutral': 0.9999998807907104, 'positive': 1.7427218779175746e-08}, {'negative': 9.839830454438925e-06, 'neutral': 0.9999901056289673, 'positive': 5.735828167985346e-08}, {'negative': 3.2038340577855706e-05, 'neutral': 0.9999678134918213, 'positive': 1.1919845377406091e-07}, {'negative': 0.8173355460166931, 'neutral': 0.18249261379241943, 'positive': 0.0001718252315185964}, {'negative': 0.9933587908744812, 'neutral': 0.0064304242841899395, 'positive': 0.00021075298718642443}, {'negative': 0.9985413551330566, 'neutral': 4.35367546742782e-05, 'positive': 0.0014150432543829083}, {'negative': 0.9997448325157166, 'neutral': 5.0278955313842744e-05, 'positive': 0.00020486860012169927}, {'negative': 0.9963400363922119, 'neutral': 0.0035110150929540396, 'positive': 0.00014891987666487694}, {'negative': 0.999613344669342, 'neutral': 0.0002729843254201114, 'positive': 0.00011373505549272522}, {'negative': 0.026818862184882164, 'neutral': 0.9730801582336426, 'positive': 0.00010095443576574326}, {'negative': 0.8148795962333679, 'neutral': 0.18427716195583344, 'positive': 0.0008432217291556299}, {'negative': 0.9312149882316589, 'neutral': 0.06852830201387405, 'positive': 0.0002568088530097157}, {'negative': 0.2157594859600067, 'neutral': 0.783848226070404, 'positive': 0.0003922985924873501}]","[0.9999850988388062, 1.0, 0.9999998807907104, 0.9999998807907104, 0.6920526623725891, 0.9997249245643616, 0.9999628067016602, 0.9999966621398926, 0.9999996423721313, 1.0, 0.9999995231628418, 0.9725027084350586, 1.0, 0.9999966621398926, 0.9999783039093018, 0.9999998807907104, 0.9999901056289673, 0.9999678134918213, 0.8173355460166931, 0.9933587908744812, 0.9985413551330566, 0.9997448325157166, 0.9963400363922119, 0.999613344669342, 0.9730801582336426, 0.8148795962333679, 0.9312149882316589, 0.783848226070404]",Utilities,0.44870983034037193,0.4488587014386554,0.00030191892742459353,1.7520753292643576e-08,3.789280427213271e-07,0.9415369182825089,0.9996988117694855,4.589652489812579e-05,0.05826526414602995,0.9999995529651642,1.0,7.837228044316192e-09,3.718278929198959e-08,0.0001546462153783068,0.0006853986313217313,0.299290150235484,0.6546165794008407
4360366,29,0.525142745004321,0.44599872869581764,0.02885855322404791,0.5312284020942829,0.4316741754736509,0.03709744973515205,0.9284461438655853,0.12891314170279816,0.48222342133522034,negative,0.525142745004321,"[{'negative': 0.9999803304672241, 'neutral': 1.4805191312916577e-05, 'positive': 4.9369255066267215e-06}, {'negative': 7.284199091373011e-05, 'neutral': 0.9999197721481323, 'positive': 7.35594494472025e-06}, {'negative': 0.38386550545692444, 'neutral': 0.48222342133522034, 'positive': 0.1339111328125}, {'negative': 2.599090862531739e-07, 'neutral': 0.9999994039535522, 'positive': 2.8156634357401344e-07}, {'negative': 5.332335462071569e-09, 'neutral': 1.0, 'positive': 1.7831276011293085e-08}, {'negative': 4.651487870432902e-06, 'neutral': 0.9999949932098389, 'positive': 3.6430421346267394e-07}, {'negative': 0.0032679373398423195, 'neutral': 0.9958257675170898, 'positive': 0.0009063589968718588}, {'negative': 0.0005088933394290507, 'neutral': 0.9994250535964966, 'positive': 6.610824493691325e-05}, {'negative': 0.9272056221961975, 'neutral': 0.008551133796572685, 'positive': 0.06424323469400406}, {'negative': 4.1004125250765355e-07, 'neutral': 0.9999994039535522, 'positive': 1.9966213926636556e-07}, {'negative': 3.131300729819486e-08, 'neutral': 0.9999997615814209, 'positive': 2.1905674429945066e-07}, {'negative': 2.0630717756375816e-07, 'neutral': 0.9999992847442627, 'positive': 5.469283905767952e-07}, {'negative': 2.0449787996312807e-07, 'neutral': 0.9999997615814209, 'positive': 5.333150099318118e-08}, {'negative': 1.1625362006384421e-08, 'neutral': 1.0, 'positive': 3.491780375952658e-08}, {'negative': 0.9999779462814331, 'neutral': 8.503727258357685e-06, 'positive': 1.3602505532617215e-05}, {'negative': 0.6864027976989746, 'neutral': 0.3130089044570923, 'positive': 0.000588327064178884}, {'negative': 0.7277306318283081, 'neutral': 0.27056071162223816, 'positive': 0.0017086728475987911}, {'negative': 0.734739363193512, 'neutral': 0.2586073875427246, 'positive': 0.00665326090529561}, {'negative': 0.8607133030891418, 'neutral': 0.010922707617282867, 'positive': 0.12836405634880066}, {'negative': 0.9856312274932861, 'neutral': 0.00925138033926487, 'positive': 0.005117340944707394}, {'negative': 0.9990563988685608, 'neutral': 0.0001377211301587522, 'positive': 0.0008059189422056079}, {'negative': 0.9959051609039307, 'neutral': 0.00017558336548972875, 'positive': 0.003919252194464207}, {'negative': 0.2847142517566681, 'neutral': 0.000922685896512121, 'positive': 0.7143630981445312}, {'negative': 0.9273808002471924, 'neutral': 0.07013344019651413, 'positive': 0.0024857681710273027}, {'negative': 0.9997193217277527, 'neutral': 4.007040479336865e-05, 'positive': 0.00024066146579571068}, {'negative': 0.9994612336158752, 'neutral': 2.1736826965934597e-05, 'positive': 0.0005171163356862962}, {'negative': 0.9141945242881775, 'neutral': 0.08507183194160461, 'positive': 0.0007336234557442367}, {'negative': 0.9851436018943787, 'neutral': 0.013620390556752682, 'positive': 0.0012360928812995553}, {'negative': 0.989946186542511, 'neutral': 0.00011547050235094503, 'positive': 0.009938404895365238}]","[0.9999803304672241, 0.9999197721481323, 0.48222342133522034, 0.9999994039535522, 1.0, 0.9999949932098389, 0.9958257675170898, 0.9994250535964966, 0.9272056221961975, 0.9999994039535522, 0.9999997615814209, 0.9999992847442627, 0.9999997615814209, 1.0, 0.9999779462814331, 0.6864027976989746, 0.7277306318283081, 0.734739363193512, 0.8607133030891418, 0.9856312274932861, 0.9990563988685608, 0.9959051609039307, 0.7143630981445312, 0.9273808002471924, 0.9997193217277527, 0.9994612336158752, 0.9141945242881775, 0.9851436018943787, 0.989946186542511]",Financial,0.44689029624324506,0.4574903123812961,0.1325009884706962,1.95004201231086e-08,4.651487870432902e-06,0.9856312274932861,0.999874496459961,1.7577845574123786e-05,0.000922685896512121,0.9999949932098389,0.9999999046325684,4.228328265298842e-08,5.469283905767952e-07,0.003919252194464207,0.13169230222702025,0.3456271990317458,0.8208848845797087
4361631,26,0.9006848739759947,0.08879177031293313,0.010523349731940714,0.8872137280872826,0.09961634037710627,0.01316992604399467,0.9539596025760357,0.11012179425563937,0.5901630520820618,negative,0.9006848739759947,"[{'negative': 0.9999387264251709, 'neutral': 5.977937325951643e-05, 'positive': 1.5541962739007431e-06}, {'negative': 0.13026101887226105, 'neutral': 0.8664886355400085, 'positive': 0.0032503935508430004}, {'negative': 0.6307056546211243, 'neutral': 0.28459224104881287, 'positive': 0.08470209687948227}, {'negative': 0.9999473094940186, 'neutral': 2.3725022401777096e-05, 'positive': 2.8968155675102025e-05}, {'negative': 0.9999871253967285, 'neutral': 4.91752871312201e-06, 'positive': 7.945346624183003e-06}, {'negative': 0.9999439716339111, 'neutral': 2.0213188690831885e-05, 'positive': 3.5706394555745646e-05}, {'negative': 0.9999428987503052, 'neutral': 3.804149309871718e-05, 'positive': 1.9039665858144872e-05}, {'negative': 0.7841129302978516, 'neutral': 0.00022342386364471167, 'positive': 0.21566370129585266}, {'negative': 0.9999526739120483, 'neutral': 3.36251177941449e-05, 'positive': 1.3710910934605636e-05}, {'negative': 0.9994432330131531, 'neutral': 0.0002548716147430241, 'positive': 0.0003019222931470722}, {'negative': 0.9997043013572693, 'neutral': 2.614660479594022e-05, 'positive': 0.00026954407803714275}, {'negative': 0.0004039979830849916, 'neutral': 0.9995691180229187, 'positive': 2.6918483854387887e-05}, {'negative': 0.9997473359107971, 'neutral': 0.00010558962094364688, 'positive': 0.0001470552379032597}, {'negative': 0.9999850988388062, 'neutral': 1.475176986787119e-06, 'positive': 1.3481372661772184e-05}, {'negative': 0.9999370574951172, 'neutral': 2.0414183836692246e-06, 'positive': 6.0896487411810085e-05}, {'negative': 0.9983301758766174, 'neutral': 0.00027880206471309066, 'positive': 0.0013910470297560096}, {'negative': 0.9999855756759644, 'neutral': 1.1567708497750573e-06, 'positive': 1.3242229215393309e-05}, {'negative': 0.9998910427093506, 'neutral': 2.3427658106811577e-06, 'positive': 0.00010650566400727257}, {'negative': 0.9999916553497314, 'neutral': 1.9784390588029055e-06, 'positive': 6.3068523559195455e-06}, {'negative': 0.9988841414451599, 'neutral': 4.998875283490634e-06, 'positive': 0.0011108617763966322}, {'negative': 0.981532871723175, 'neutral': 9.486009366810322e-05, 'positive': 0.018372241407632828}, {'negative': 0.5901630520820618, 'neutral': 0.40331488847732544, 'positive': 0.006522038485854864}, {'negative': 0.9890648126602173, 'neutral': 0.0009737190557643771, 'positive': 0.009961474686861038}, {'negative': 0.9998766183853149, 'neutral': 3.2768606615718454e-05, 'positive': 9.0578461822588e-05}, {'negative': 0.9999884366989136, 'neutral': 8.590924380769138e-07, 'positive': 1.0724201274570078e-05}, {'negative': 0.9658352136611938, 'neutral': 0.03387463092803955, 'positive': 0.00029012199956923723}]","[0.9999387264251709, 0.8664886355400085, 0.6307056546211243, 0.9999473094940186, 0.9999871253967285, 0.9999439716339111, 0.9999428987503052, 0.7841129302978516, 0.9999526739120483, 0.9994432330131531, 0.9997043013572693, 0.9995691180229187, 0.9997473359107971, 0.9999850988388062, 0.9999370574951172, 0.9983301758766174, 0.9999855756759644, 0.9998910427093506, 0.9999916553497314, 0.9988841414451599, 0.981532871723175, 0.5901630520820618, 0.9890648126602173, 0.9998766183853149, 0.9999884366989136, 0.9658352136611938]",Utilities,0.2614664997590037,0.25845223361587955,0.043707504483509824,0.24523652717471123,0.9834158569574356,0.9999464750289917,0.9999881088733673,1.2363723840280727e-06,4.937865355714166e-06,0.000272819452220574,0.7506951987743378,6.71647592298541e-06,1.5043099665490445e-05,0.0013210007164161652,0.06811963301151991,0.18787541261946436,0.39295372795753986
4384683,10,0.7172804207369713,0.2811897026656166,0.0015298781091053434,0.6933321295790165,0.30513614617182155,0.0015317233305665924,0.906174898147583,0.17900490180951734,0.5117097496986389,negative,0.7172804207369713,"[{'negative': 0.9997770190238953, 'neutral': 0.00022201081446837634, 'positive': 1.0113873258887907e-06}, {'negative': 0.999025821685791, 'neutral': 0.0007475228630937636, 'positive': 0.00022662198171019554}, {'negative': 0.02448129840195179, 'neutral': 0.9755125641822815, 'positive': 6.156667495815782e-06}, {'negative': 1.1292470389889786e-06, 'neutral': 0.9999988079071045, 'positive': 4.286022203814355e-08}, {'negative': 0.5117097496986389, 'neutral': 0.4858500361442566, 'positive': 0.0024401748087257147}, {'negative': 0.9894320964813232, 'neutral': 4.196091686026193e-05, 'positive': 0.010525962337851524}, {'negative': 0.9990621209144592, 'neutral': 0.0004421452758833766, 'positive': 0.0004958502249792218}, {'negative': 0.41111981868743896, 'neutral': 0.5885185599327087, 'positive': 0.0003616106987465173}, {'negative': 0.9987732768058777, 'neutral': 2.465713805577252e-05, 'positive': 0.0012020355788990855}, {'negative': 0.99993896484375, 'neutral': 3.1965435027814237e-06, 'positive': 5.7766759709920734e-05}]","[0.9997770190238953, 0.999025821685791, 0.9755125641822815, 0.9999988079071045, 0.5117097496986389, 0.9894320964813232, 0.9990621209144592, 0.5885185599327087, 0.9987732768058777, 0.99993896484375]",Basic Materials,0.39956288055728556,0.4003681881274336,0.003084879662926983,0.011017205366749749,0.43626730144023895,0.9990530461072922,0.9998660892248153,1.2853811051627418e-05,8.697339126229053e-05,0.5628514289855957,0.9889799982309341,4.786974187709348e-07,1.905919054934202e-05,0.0010254892404191196,0.006887357949744901,0.2676719827825487,0.6260536200776398
4365948,20,0.41589483211264733,0.4983943208574426,0.08571084733602981,0.4241325426822131,0.4751692638892564,0.10069819451247501,0.9308911442756653,0.14808732968722924,0.5442785620689392,neutral,0.4983943208574426,"[{'negative': 0.9998944997787476, 'neutral': 8.86186899151653e-05, 'positive': 1.689850068942178e-05}, {'negative': 9.367585880681872e-05, 'neutral': 0.9999055862426758, 'positive': 6.920404871380015e-07}, {'negative': 8.373856871912722e-06, 'neutral': 0.9999822378158569, 'positive': 9.39308029046515e-06}, {'negative': 4.045455526124897e-08, 'neutral': 1.0, 'positive': 8.18383316669724e-09}, {'negative': 1.4328358020065934e-06, 'neutral': 0.9999984502792358, 'positive': 1.627029462270002e-07}, {'negative': 3.337815360282548e-05, 'neutral': 0.9999567270278931, 'positive': 9.89371801551897e-06}, {'negative': 0.0013732886873185635, 'neutral': 0.020087113603949547, 'positive': 0.9785395860671997}, {'negative': 0.0008461754769086838, 'neutral': 0.9979026317596436, 'positive': 0.0012511996319517493}, {'negative': 0.005011814180761576, 'neutral': 0.9940248131752014, 'positive': 0.0009633862064220011}, {'negative': 6.5341091612936e-06, 'neutral': 0.9999915361404419, 'positive': 1.950039177245344e-06}, {'negative': 0.9966886639595032, 'neutral': 0.0031315619125962257, 'positive': 0.00017982444842346013}, {'negative': 0.9784942865371704, 'neutral': 0.021001258864998817, 'positive': 0.0005044571589678526}, {'negative': 0.5442785620689392, 'neutral': 0.4555220603942871, 'positive': 0.00019941457139793783}, {'negative': 0.4088667929172516, 'neutral': 0.0002589303476270288, 'positive': 0.5908743143081665}, {'negative': 0.9944936633110046, 'neutral': 0.005424367729574442, 'positive': 8.186857303371653e-05}, {'negative': 0.9996247291564941, 'neutral': 0.0003447046328801662, 'positive': 3.0515246180584654e-05}, {'negative': 0.94446861743927, 'neutral': 0.002449899213388562, 'positive': 0.05308142676949501}, {'negative': 0.6063861846923828, 'neutral': 0.006404277868568897, 'positive': 0.3872095048427582}, {'negative': 0.004850146826356649, 'neutral': 0.9950878024101257, 'positive': 6.210126593941823e-05}, {'negative': 0.9972299933433533, 'neutral': 0.0018226996762678027, 'positive': 0.0009472928941249847}]","[0.9998944997787476, 0.9999055862426758, 0.9999822378158569, 1.0, 0.9999984502792358, 0.9999567270278931, 0.9785395860671997, 0.9979026317596436, 0.9940248131752014, 0.9999915361404419, 0.9966886639595032, 0.9784942865371704, 0.5442785620689392, 0.5908743143081665, 0.9944936633110046, 0.9996247291564941, 0.94446861743927, 0.6063861846923828, 0.9950878024101257, 0.9972299933433533]",Basic Materials,0.4504876601064788,0.4830363278867375,0.2506613469684026,1.3632167396693263e-06,7.860143250582041e-05,0.982494130730629,0.9996382176876069,0.00025041476474143567,0.00296114623779431,0.9999183714389801,0.9999985277652741,1.5497699057398506e-07,9.768558584255516e-06,0.0010353395628044382,0.6102575778961185,0.3947284449872062,0.9485138879279083
4364366,23,0.4981187644847054,0.4693695474598448,0.032511694174697,0.49167594119144,0.46809945572872297,0.040224609221622354,0.9605673681134763,0.07896293926361184,0.6848384141921997,negative,0.4981187644847054,"[{'negative': 0.9999221563339233, 'neutral': 7.324382022488862e-05, 'positive': 4.663656909542624e-06}, {'negative': 2.965239502827899e-07, 'neutral': 0.9999996423721313, 'positive': 6.368594540617778e-08}, {'negative': 2.5884248316287994e-05, 'neutral': 0.9999736547470093, 'positive': 4.43796039917288e-07}, {'negative': 0.857412576675415, 'neutral': 0.1424035131931305, 'positive': 0.00018397973326500505}, {'negative': 0.9985149502754211, 'neutral': 0.00025109222042374313, 'positive': 0.0012340635294094682}, {'negative': 0.04682435467839241, 'neutral': 0.9531384706497192, 'positive': 3.712623583851382e-05}, {'negative': 6.817750090704067e-06, 'neutral': 0.999993085861206, 'positive': 1.0953322515661057e-07}, {'negative': 0.0546346940100193, 'neutral': 0.9447985887527466, 'positive': 0.0005666572251357138}, {'negative': 0.043709561228752136, 'neutral': 0.9562734961509705, 'positive': 1.6981561202555895e-05}, {'negative': 0.0002812035381793976, 'neutral': 0.9997166991233826, 'positive': 2.132461986548151e-06}, {'negative': 0.0034363598097115755, 'neutral': 0.9965372085571289, 'positive': 2.6426314434502274e-05}, {'negative': 4.9578098696656525e-05, 'neutral': 0.9999476671218872, 'positive': 2.7532105377758853e-06}, {'negative': 0.9998866319656372, 'neutral': 3.8749974919483066e-05, 'positive': 7.456492312485352e-05}, {'negative': 0.9978895783424377, 'neutral': 0.0009639302152208984, 'positive': 0.0011464658891782165}, {'negative': 0.9988765120506287, 'neutral': 0.0010800058953464031, 'positive': 4.3411459046183154e-05}, {'negative': 0.9988173842430115, 'neutral': 5.3794046834809706e-05, 'positive': 0.0011287960223853588}, {'negative': 0.2113114893436432, 'neutral': 0.6848384141921997, 'positive': 0.10385006666183472}, {'negative': 0.9986489415168762, 'neutral': 3.152292629238218e-05, 'positive': 0.0013195761712267995}, {'negative': 0.16247662901878357, 'neutral': 0.05926895514130592, 'positive': 0.7782544493675232}, {'negative': 0.0031020555179566145, 'neutral': 0.9968903660774231, 'positive': 7.564145562355407e-06}, {'negative': 0.945214569568634, 'neutral': 0.029979700222611427, 'positive': 0.024805761873722076}, {'negative': 0.9998793601989746, 'neutral': 2.3301816327148117e-05, 'positive': 9.737575601320714e-05}, {'negative': 0.9876250624656677, 'neutral': 1.2378682185953949e-05, 'positive': 0.012362578883767128}]","[0.9999221563339233, 0.9999996423721313, 0.9999736547470093, 0.857412576675415, 0.9985149502754211, 0.9531384706497192, 0.999993085861206, 0.9447985887527466, 0.9562734961509705, 0.9997166991233826, 0.9965372085571289, 0.9999476671218872, 0.9998866319656372, 0.9978895783424377, 0.9988765120506287, 0.9988173842430115, 0.6848384141921997, 0.9986489415168762, 0.7782544493675232, 0.9968903660774231, 0.945214569568634, 0.9998793601989746, 0.9876250624656677]",Basic Materials,0.47120994929980226,0.4734571085859447,0.15880323746473848,8.724399913262461e-06,0.003269207663834095,0.9985819458961487,0.999885904788971,2.4123927323671525e-05,0.00016216802032431588,0.996713787317276,0.9999911427497864,1.4295950663267835e-07,6.113901235949015e-06,0.0011902647092938423,0.09594563618302335,0.3678234317834952,0.8336333149585023
4375653,27,0.4815742853794509,0.5182018271365088,0.00022390151031717123,0.4852574426327705,0.5145095193648659,0.00023305276264610578,0.95878224240409,0.09474044247123116,0.5516422986984253,neutral,0.5182018271365088,"[{'negative': 0.9998922348022461, 'neutral': 0.00010285916505381465, 'positive': 4.847247055295156e-06}, {'negative': 0.00021706492407247424, 'neutral': 0.9997827410697937, 'positive': 2.0065813544078992e-07}, {'negative': 0.9457839727401733, 'neutral': 0.05419456958770752, 'positive': 2.148604835383594e-05}, {'negative': 1.9119795979349874e-05, 'neutral': 0.9999808073043823, 'positive': 5.388426060903839e-08}, {'negative': 6.77098751111771e-06, 'neutral': 0.9999932050704956, 'positive': 3.232785772411262e-08}, {'negative': 1.4713225027662702e-05, 'neutral': 0.9999852180480957, 'positive': 3.0527282035563985e-08}, {'negative': 2.9743673621851485e-06, 'neutral': 0.9999970197677612, 'positive': 3.646759694220236e-08}, {'negative': 0.9446479678153992, 'neutral': 0.05534900724887848, 'positive': 3.086544211328146e-06}, {'negative': 5.466557695399388e-07, 'neutral': 0.9999994039535522, 'positive': 8.74003802664447e-08}, {'negative': 5.942449092799507e-07, 'neutral': 0.9999994039535522, 'positive': 2.5958692972949393e-08}, {'negative': 0.06375636905431747, 'neutral': 0.9357101917266846, 'positive': 0.0005334941088221967}, {'negative': 0.4475937485694885, 'neutral': 0.5516422986984253, 'positive': 0.0007639575633220375}, {'negative': 0.0011190265649929643, 'neutral': 0.998879611492157, 'positive': 1.3339118822841556e-06}, {'negative': 0.052213117480278015, 'neutral': 0.9477708339691162, 'positive': 1.5981266187736765e-05}, {'negative': 0.9969519376754761, 'neutral': 0.00018575062858872116, 'positive': 0.002862329361960292}, {'negative': 0.892278790473938, 'neutral': 0.10685800015926361, 'positive': 0.0008632979588583112}, {'negative': 0.9977626800537109, 'neutral': 0.001816716743633151, 'positive': 0.0004205695877317339}, {'negative': 0.00020118706743232906, 'neutral': 0.9997977614402771, 'positive': 1.0724360208769212e-06}, {'negative': 0.9987455606460571, 'neutral': 0.0011835317127406597, 'positive': 7.086880941642448e-05}, {'negative': 0.0003530782996676862, 'neutral': 0.9996417760848999, 'positive': 5.078492449683836e-06}, {'negative': 0.753913938999176, 'neutral': 0.2460504174232483, 'positive': 3.571099659893662e-05}, {'negative': 0.9996329545974731, 'neutral': 0.00034226212301291525, 'positive': 2.4842756829457358e-05}, {'negative': 0.9996825456619263, 'neutral': 0.00026985580916516483, 'positive': 4.764905679621734e-05}, {'negative': 0.9828753471374512, 'neutral': 0.017060277983546257, 'positive': 6.447549822041765e-05}, {'negative': 0.041246045380830765, 'neutral': 0.9587336778640747, 'positive': 2.027105620072689e-05}, {'negative': 0.9896536469459534, 'neutral': 0.010281841270625591, 'positive': 6.455317634390667e-05}, {'negative': 0.9933850169181824, 'neutral': 0.006147982552647591, 'positive': 0.00046705148997716606}]","[0.9998922348022461, 0.9997827410697937, 0.9457839727401733, 0.9999808073043823, 0.9999932050704956, 0.9999852180480957, 0.9999970197677612, 0.9446479678153992, 0.9999994039535522, 0.9999994039535522, 0.9357101917266846, 0.5516422986984253, 0.998879611492157, 0.9477708339691162, 0.9969519376754761, 0.892278790473938, 0.9977626800537109, 0.9997977614402771, 0.9987455606460571, 0.9996417760848999, 0.753913938999176, 0.9996329545974731, 0.9996825456619263, 0.9828753471374512, 0.9587336778640747, 0.9896536469459534, 0.9933850169181824]",Healthcare,0.4682533951362872,0.46842431913869176,0.0005693956519444415,1.30828164515151e-06,0.00020912599575240165,0.9915193319320679,0.9996676683425904,0.00021098218276165425,0.008214911911636591,0.9997902512550354,0.9999986886978149,3.1067454742128574e-08,6.365470781588556e-07,6.771099288016558e-05,0.000833495840197429,0.31241570330897445,0.6947399737385456
4360717,39,0.6542116968330498,0.2913876447338551,0.05440066721492686,0.6377653046109071,0.3040996296290126,0.058135073532266456,0.9361608456342648,0.11569496474779076,0.5084265470504761,negative,0.6542116968330498,"[{'negative': 0.06349216401576996, 'neutral': 0.0143620939925313, 'positive': 0.922145664691925}, {'negative': 0.9307888746261597, 'neutral': 0.02846725471317768, 'positive': 0.040743932127952576}, {'negative': 0.1005580946803093, 'neutral': 0.00041248841444030404, 'positive': 0.8990294337272644}, {'negative': 0.00039561145240440965, 'neutral': 0.6833999156951904, 'positive': 0.3162044882774353}, {'negative': 1.1905565770575777e-05, 'neutral': 0.9999535083770752, 'positive': 3.45634289260488e-05}, {'negative': 0.9972419738769531, 'neutral': 0.0015893420204520226, 'positive': 0.0011687694350257516}, {'negative': 0.2601223886013031, 'neutral': 0.711997389793396, 'positive': 0.027880225330591202}, {'negative': 0.9830629825592041, 'neutral': 9.533001502859406e-06, 'positive': 0.01692756451666355}, {'negative': 0.6862747669219971, 'neutral': 0.29291850328445435, 'positive': 0.020806726068258286}, {'negative': 0.0018257604679092765, 'neutral': 0.9981428384780884, 'positive': 3.1391362426802516e-05}, {'negative': 0.9954512715339661, 'neutral': 0.00017862960521597415, 'positive': 0.004370188340544701}, {'negative': 0.0005237649311311543, 'neutral': 0.9994718432426453, 'positive': 4.436124982021283e-06}, {'negative': 0.000966728781349957, 'neutral': 0.9990012049674988, 'positive': 3.2057654607342556e-05}, {'negative': 0.11303742229938507, 'neutral': 0.885311484336853, 'positive': 0.0016511199064552784}, {'negative': 0.988372266292572, 'neutral': 0.007879005745053291, 'positive': 0.0037487985100597143}, {'negative': 0.00035181600833311677, 'neutral': 0.9996298551559448, 'positive': 1.8335635104449466e-05}, {'negative': 0.9855445027351379, 'neutral': 0.014240144751966, 'positive': 0.00021533413382712752}, {'negative': 0.9516170620918274, 'neutral': 0.0470791757106781, 'positive': 0.0013038202887400985}, {'negative': 0.9990226030349731, 'neutral': 0.0007953299791552126, 'positive': 0.0001821487967390567}, {'negative': 0.9999562501907349, 'neutral': 1.6703766050341073e-06, 'positive': 4.2035189835587516e-05}, {'negative': 0.1361503303050995, 'neutral': 0.8638110160827637, 'positive': 3.8684665923938155e-05}, {'negative': 0.921554446220398, 'neutral': 0.07832491397857666, 'positive': 0.00012059176515322179}, {'negative': 0.9584656953811646, 'neutral': 0.0412813276052475, 'positive': 0.00025293853832408786}, {'negative': 0.9906362891197205, 'neutral': 0.006232281681150198, 'positive': 0.0031315262895077467}, {'negative': 0.5084265470504761, 'neutral': 0.4910268485546112, 'positive': 0.0005465504946187139}, {'negative': 0.9902324676513672, 'neutral': 0.009459472261369228, 'positive': 0.00030802038963884115}, {'negative': 0.999908447265625, 'neutral': 5.215199416852556e-05, 'positive': 3.928598016500473e-05}, {'negative': 0.9997473359107971, 'neutral': 9.43542254390195e-05, 'positive': 0.00015828672621864825}, {'negative': 0.9993705153465271, 'neutral': 0.0005894056521356106, 'positive': 4.019713378511369e-05}, {'negative': 0.9990837574005127, 'neutral': 0.0008745729574002326, 'positive': 4.1644110751803964e-05}, {'negative': 0.9999434947967529, 'neutral': 3.425341856200248e-05, 'positive': 2.2322183212963864e-05}, {'negative': 0.9992608428001404, 'neutral': 0.0006860994035378098, 'positive': 5.295991650200449e-05}, {'negative': 0.30564361810684204, 'neutral': 0.6941596865653992, 'positive': 0.0001966833369806409}, {'negative': 0.0005477223312482238, 'neutral': 0.9994485974311829, 'positive': 3.647096718850662e-06}, {'negative': 0.9999798536300659, 'neutral': 5.118111403135117e-06, 'positive': 1.4983960682002362e-05}, {'negative': 0.01718476414680481, 'neutral': 0.9827357530593872, 'positive': 7.944460230646655e-05}, {'negative': 0.9924436211585999, 'neutral': 0.003922454547137022, 'positive': 0.00363402278162539}, {'negative': 0.9981322884559631, 'neutral': 0.00016335019608959556, 'positive': 0.0017043197294697165}, {'negative': 0.9975166320800781, 'neutral': 0.002142686164006591, 'positive': 0.0003407245094422251}]","[0.922145664691925, 0.9307888746261597, 0.8990294337272644, 0.6833999156951904, 0.9999535083770752, 0.9972419738769531, 0.711997389793396, 0.9830629825592041, 0.6862747669219971, 0.9981428384780884, 0.9954512715339661, 0.9994718432426453, 0.9990012049674988, 0.885311484336853, 0.988372266292572, 0.9996298551559448, 0.9855445027351379, 0.9516170620918274, 0.9990226030349731, 0.9999562501907349, 0.8638110160827637, 0.921554446220398, 0.9584656953811646, 0.9906362891197205, 0.5084265470504761, 0.9902324676513672, 0.999908447265625, 0.9997473359107971, 0.9993705153465271, 0.9990837574005127, 0.9999434947967529, 0.9992608428001404, 0.6941596865653992, 0.9994485974311829, 0.9999798536300659, 0.9827357530593872, 0.9924436211585999, 0.9981322884559631, 0.9975166320800781]",Consumer Goods,0.436884668687604,0.41369695696550723,0.20443834852944637,0.00039123190799728036,0.10679775848984718,0.9978244602680206,0.9999447703361511,9.091512492886978e-06,0.0006377525278367102,0.7030785381793976,0.9994876444339752,1.3929177112004255e-05,3.974155697505921e-05,0.0033827745355665684,0.37448698282241905,0.3516733247275192,0.8142508672579447
4382825,32,0.8140605749140065,0.17812036504317277,0.007819045769978291,0.8083796762778999,0.18144043864931092,0.010179870529888502,0.9750796426087618,0.07008135709559525,0.7010970711708069,negative,0.8140605749140065,"[{'negative': 0.9997559189796448, 'neutral': 0.0002404126717010513, 'positive': 3.6696608276542975e-06}, {'negative': 3.2845133546288707e-07, 'neutral': 0.9999996423721313, 'positive': 2.2953562606176092e-08}, {'negative': 0.02680431678891182, 'neutral': 0.9731677770614624, 'positive': 2.7871326892636716e-05}, {'negative': 1.2932271602039691e-05, 'neutral': 0.999987006187439, 'positive': 1.0740418332488844e-07}, {'negative': 0.9997366070747375, 'neutral': 8.445814455626532e-05, 'positive': 0.00017894236952997744}, {'negative': 0.999839186668396, 'neutral': 1.2523013538157102e-05, 'positive': 0.0001482441439293325}, {'negative': 0.9998970031738281, 'neutral': 7.731646473985165e-05, 'positive': 2.558277628850192e-05}, {'negative': 0.007312209811061621, 'neutral': 0.9926469326019287, 'positive': 4.0895207348512486e-05}, {'negative': 5.800503686259617e-07, 'neutral': 0.9999994039535522, 'positive': 4.007881670986535e-08}, {'negative': 0.9999402761459351, 'neutral': 4.35843612649478e-05, 'positive': 1.6036068700486794e-05}, {'negative': 0.9959490299224854, 'neutral': 2.7657188184093684e-05, 'positive': 0.004023297689855099}, {'negative': 0.9955424666404724, 'neutral': 0.0007545012631453574, 'positive': 0.00370301422663033}, {'negative': 0.999705970287323, 'neutral': 6.73180011290242e-06, 'positive': 0.0002873021294362843}, {'negative': 0.9995803236961365, 'neutral': 3.2548334729654016e-06, 'positive': 0.00041650325874798}, {'negative': 0.29836854338645935, 'neutral': 0.7010970711708069, 'positive': 0.0005344056407921016}, {'negative': 0.9983353018760681, 'neutral': 0.0008764792582951486, 'positive': 0.0007881944184191525}, {'negative': 0.9996285438537598, 'neutral': 0.0001994985796045512, 'positive': 0.00017191046208608896}, {'negative': 0.9998464584350586, 'neutral': 6.483999459305778e-05, 'positive': 8.864638220984489e-05}, {'negative': 0.9983184337615967, 'neutral': 3.0152194085530937e-05, 'positive': 0.0016514281742274761}, {'negative': 0.9998089671134949, 'neutral': 5.9234676882624626e-05, 'positive': 0.00013182206021156162}, {'negative': 0.9729489088058472, 'neutral': 0.02693917416036129, 'positive': 0.00011193329555680975}, {'negative': 0.9436362385749817, 'neutral': 0.05628633499145508, 'positive': 7.734016253380105e-05}, {'negative': 0.9998088479042053, 'neutral': 2.8318822842265945e-06, 'positive': 0.0001883298100437969}, {'negative': 0.9754613637924194, 'neutral': 1.0464507795404643e-05, 'positive': 0.02452809549868107}, {'negative': 0.7154414057731628, 'neutral': 0.00019254547078162432, 'positive': 0.2843659818172455}, {'negative': 0.997943103313446, 'neutral': 0.0018571424297988415, 'positive': 0.0001996905484702438}, {'negative': 0.9991950392723083, 'neutral': 0.0007833431009203196, 'positive': 2.1644704247592017e-05}, {'negative': 0.9997918009757996, 'neutral': 0.00011800709035014734, 'positive': 9.017337288241833e-05}, {'negative': 0.9995306730270386, 'neutral': 0.00032779877074062824, 'positive': 0.00014157193072605878}, {'negative': 0.998305082321167, 'neutral': 4.542480382951908e-05, 'positive': 0.0016494268784299493}, {'negative': 0.9708445072174072, 'neutral': 0.028727104887366295, 'positive': 0.0004284268943592906}, {'negative': 0.9768592715263367, 'neutral': 0.021425386890769005, 'positive': 0.0017153056105598807}]","[0.9997559189796448, 0.9999996423721313, 0.9731677770614624, 0.999987006187439, 0.9997366070747375, 0.999839186668396, 0.9998970031738281, 0.9926469326019287, 0.9999994039535522, 0.9999402761459351, 0.9959490299224854, 0.9955424666404724, 0.999705970287323, 0.9995803236961365, 0.7010970711708069, 0.9983353018760681, 0.9996285438537598, 0.9998464584350586, 0.9983184337615967, 0.9998089671134949, 0.9729489088058472, 0.9436362385749817, 0.9998088479042053, 0.9754613637924194, 0.7154414057731628, 0.997943103313446, 0.9991950392723083, 0.9997918009757996, 0.9995306730270386, 0.998305082321167, 0.9708445072174072, 0.9768592715263367]",Basic Materials,0.36813428362189515,0.36978187244076394,0.04943093573211727,7.373772047003513e-06,0.9640424400568008,0.9997414350509644,0.9998692035675049,5.167165124930762e-06,4.496469318837626e-05,0.02738615684211254,0.9999925851821899,7.710776834812805e-08,3.763923723454354e-05,0.0005978528351988643,0.01325045670382677,0.2624490305982588,0.5283474437294251
4397829,32,0.296699840248985,0.6731826222930583,0.030117542888817645,0.30014265227493475,0.6666017894376637,0.03325556370286571,0.9611377585679293,0.08234924356444513,0.5943599939346313,neutral,0.6731826222930583,"[{'negative': 0.9999722242355347, 'neutral': 1.9197523215552792e-05, 'positive': 8.554841770092025e-06}, {'negative': 8.075601520829423e-09, 'neutral': 1.0, 'positive': 2.7940396662984313e-08}, {'negative': 2.990628900079173e-07, 'neutral': 0.9999996423721313, 'positive': 1.9839133003074494e-08}, {'negative': 1.9018372654500126e-07, 'neutral': 0.9999997615814209, 'positive': 7.570701399117752e-08}, {'negative': 3.1231761568051297e-06, 'neutral': 0.9999966621398926, 'positive': 1.6404131031322322e-07}, {'negative': 6.766261861912426e-08, 'neutral': 0.9999998807907104, 'positive': 1.113811265440745e-08}, {'negative': 2.724069076975866e-07, 'neutral': 0.9999997615814209, 'positive': 1.5569094458101063e-08}, {'negative': 1.2913437785755377e-05, 'neutral': 0.9999867677688599, 'positive': 3.40952936994654e-07}, {'negative': 4.760251783864078e-07, 'neutral': 0.9999995231628418, 'positive': 2.3136545124202712e-08}, {'negative': 7.4209026479366e-08, 'neutral': 0.9999998807907104, 'positive': 5.82550763184031e-09}, {'negative': 3.157823513788571e-08, 'neutral': 1.0, 'positive': 1.0357693369655863e-08}, {'negative': 1.2170043191872537e-05, 'neutral': 0.9999876022338867, 'positive': 2.2737327753930003e-07}, {'negative': 0.405558317899704, 'neutral': 0.5943599939346313, 'positive': 8.166996121872216e-05}, {'negative': 0.02336321771144867, 'neutral': 0.9307335019111633, 'positive': 0.045903272926807404}, {'negative': 8.802288675724412e-09, 'neutral': 1.0, 'positive': 6.181712919328675e-09}, {'negative': 3.538234523148276e-07, 'neutral': 0.9999996423721313, 'positive': 4.853434276697044e-08}, {'negative': 0.1816902607679367, 'neutral': 0.8177646994590759, 'positive': 0.0005450305761769414}, {'negative': 0.0009706868440844119, 'neutral': 0.9990243911743164, 'positive': 4.954339601681568e-06}, {'negative': 0.04988710954785347, 'neutral': 0.9481145143508911, 'positive': 0.0019983903039246798}, {'negative': 0.928326427936554, 'neutral': 0.00010180220851907507, 'positive': 0.07157175242900848}, {'negative': 0.9952951073646545, 'neutral': 0.00017323606880381703, 'positive': 0.004531707148998976}, {'negative': 0.12756887078285217, 'neutral': 0.0077801854349672794, 'positive': 0.8646510243415833}, {'negative': 0.9966351389884949, 'neutral': 0.00013905455125495791, 'positive': 0.0032259104773402214}, {'negative': 0.9910526871681213, 'neutral': 0.008513777516782284, 'positive': 0.0004334616241976619}, {'negative': 0.062068235129117966, 'neutral': 0.9378899931907654, 'positive': 4.175608773948625e-05}, {'negative': 0.8246588706970215, 'neutral': 0.10550600290298462, 'positive': 0.06983517110347748}, {'negative': 0.9780623316764832, 'neutral': 0.021775156259536743, 'positive': 0.00016251295164693147}, {'negative': 0.9947787523269653, 'neutral': 0.004177938215434551, 'positive': 0.0010433084098622203}, {'negative': 0.00816246960312128, 'neutral': 0.9918233752250671, 'positive': 1.417084513377631e-05}, {'negative': 0.03655364736914635, 'neutral': 0.9633726477622986, 'positive': 7.366342470049858e-05}, {'negative': 0.9999270439147949, 'neutral': 2.2245800209930167e-05, 'positive': 5.060066905571148e-05}, {'negative': 3.48434696206823e-06, 'neutral': 0.9999964237213135, 'positive': 1.4943238113573898e-07}]","[0.9999722242355347, 1.0, 0.9999996423721313, 0.9999997615814209, 0.9999966621398926, 0.9999998807907104, 0.9999997615814209, 0.9999867677688599, 0.9999995231628418, 0.9999998807907104, 1.0, 0.9999876022338867, 0.5943599939346313, 0.9307335019111633, 1.0, 0.9999996423721313, 0.8177646994590759, 0.9990243911743164, 0.9481145143508911, 0.928326427936554, 0.9952951073646545, 0.8646510243415833, 0.9966351389884949, 0.9910526871681213, 0.9378899931907654, 0.8246588706970215, 0.9780623316764832, 0.9947787523269653, 0.9918233752250671, 0.9633726477622986, 0.9999270439147949, 0.9999964237213135]",Conglomerate,0.42548629280830785,0.44612602516874267,0.15045500611271415,2.1329059229913128e-08,3.401333117381e-07,0.8505757600069046,0.9981164962053299,6.600182477995987e-05,0.01845981157384813,0.9999996423721313,1.0,8.478502167008629e-09,4.338585624097391e-08,0.0006696000345982611,0.07061663269996643,0.34068910802992153,0.7447559613753962
4363614,41,0.7755583657143036,0.17763416224851789,0.04680747377147943,0.7720515335912718,0.17609164468602534,0.05185682319320749,0.9764877339688743,0.04599432354133558,0.8394346237182617,negative,0.7755583657143036,"[{'negative': 0.9996405839920044, 'neutral': 0.00035411003045737743, 'positive': 5.197545760893263e-06}, {'negative': 0.000418471812736243, 'neutral': 0.9940223097801208, 'positive': 0.005559239536523819}, {'negative': 0.11032022535800934, 'neutral': 0.0007827915833331645, 'positive': 0.8888970017433167}, {'negative': 0.9987658262252808, 'neutral': 0.001117371954023838, 'positive': 0.00011685577192110941}, {'negative': 0.9992228746414185, 'neutral': 0.0007386383367702365, 'positive': 3.849262066069059e-05}, {'negative': 0.9994028806686401, 'neutral': 0.0004298437270335853, 'positive': 0.00016722151485737413}, {'negative': 0.029591994360089302, 'neutral': 0.9703567624092102, 'positive': 5.12434053234756e-05}, {'negative': 3.495388227747753e-05, 'neutral': 0.9999535083770752, 'positive': 1.1541394087544177e-05}, {'negative': 0.8703442811965942, 'neutral': 0.029679447412490845, 'positive': 0.09997629374265671}, {'negative': 0.03446514531970024, 'neutral': 0.9649138450622559, 'positive': 0.0006210441351868212}, {'negative': 0.00047168912715278566, 'neutral': 0.9994162321090698, 'positive': 0.00011214555706828833}, {'negative': 3.5201062473788625e-06, 'neutral': 0.9999960660934448, 'positive': 3.71135399745981e-07}, {'negative': 0.0010175795760005713, 'neutral': 0.9988766312599182, 'positive': 0.0001058159614331089}, {'negative': 0.9986242055892944, 'neutral': 0.0009231303702108562, 'positive': 0.0004527093260549009}, {'negative': 0.9078324437141418, 'neutral': 0.09178309887647629, 'positive': 0.00038443139055743814}, {'negative': 0.9999637603759766, 'neutral': 7.877048119553365e-06, 'positive': 2.8349084459478036e-05}, {'negative': 0.999975323677063, 'neutral': 1.6600350818407605e-06, 'positive': 2.297629907843657e-05}, {'negative': 0.9863276481628418, 'neutral': 0.0014841286465525627, 'positive': 0.012188328430056572}, {'negative': 0.9972558617591858, 'neutral': 8.858803630573675e-05, 'positive': 0.0026555585209280252}, {'negative': 0.9982298016548157, 'neutral': 0.0005574914393946528, 'positive': 0.0012126911897212267}, {'negative': 0.9998090863227844, 'neutral': 8.743497892282903e-05, 'positive': 0.00010341644519940019}, {'negative': 0.9975597858428955, 'neutral': 0.0004544990661088377, 'positive': 0.0019857336301356554}, {'negative': 0.9872260689735413, 'neutral': 0.0019407531945034862, 'positive': 0.010833140462636948}, {'negative': 0.9972459077835083, 'neutral': 0.0006883660680614412, 'positive': 0.0020658052526414394}, {'negative': 0.9999079704284668, 'neutral': 1.4936846127966419e-05, 'positive': 7.707694021519274e-05}, {'negative': 0.9930525422096252, 'neutral': 7.531387382186949e-05, 'positive': 0.0068721165880560875}, {'negative': 0.9995675683021545, 'neutral': 0.00010065437527373433, 'positive': 0.0003317018854431808}, {'negative': 0.9990553259849548, 'neutral': 3.2434265449410304e-05, 'positive': 0.0009122503106482327}, {'negative': 0.9997959733009338, 'neutral': 1.1666574209812097e-05, 'positive': 0.00019241560949012637}, {'negative': 0.9717397093772888, 'neutral': 0.0002573764941189438, 'positive': 0.02800286002457142}, {'negative': 0.9981022477149963, 'neutral': 0.0001209100300911814, 'positive': 0.001776908291503787}, {'negative': 0.8394346237182617, 'neutral': 0.00014511847984977067, 'positive': 0.1604202538728714}, {'negative': 0.840390145778656, 'neutral': 0.1572546511888504, 'positive': 0.00235519977286458}, {'negative': 0.9989688396453857, 'neutral': 0.0006777576054446399, 'positive': 0.0003534228599164635}, {'negative': 0.9877676367759705, 'neutral': 0.0008088481845334172, 'positive': 0.011423559859395027}, {'negative': 0.9854610562324524, 'neutral': 0.0004097434284631163, 'positive': 0.014129256829619408}, {'negative': 0.9998718500137329, 'neutral': 3.88307889807038e-05, 'positive': 8.927356248022988e-05}, {'negative': 0.9997373223304749, 'neutral': 9.932975808624178e-05, 'positive': 0.0001633593492442742}, {'negative': 0.9997363686561584, 'neutral': 1.4902767361490987e-05, 'positive': 0.00024870800552889705}, {'negative': 0.1287883073091507, 'neutral': 0.0006478463183157146, 'positive': 0.8705637454986572}, {'negative': 0.9989854693412781, 'neutral': 0.00039252525311894715, 'positive': 0.0006220375653356314}]","[0.9996405839920044, 0.9940223097801208, 0.8888970017433167, 0.9987658262252808, 0.9992228746414185, 0.9994028806686401, 0.9703567624092102, 0.9999535083770752, 0.8703442811965942, 0.9649138450622559, 0.9994162321090698, 0.9999960660934448, 0.9988766312599182, 0.9986242055892944, 0.9078324437141418, 0.9999637603759766, 0.999975323677063, 0.9863276481628418, 0.9972558617591858, 0.9982298016548157, 0.9998090863227844, 0.9975597858428955, 0.9872260689735413, 0.9972459077835083, 0.9999079704284668, 0.9930525422096252, 0.9995675683021545, 0.9990553259849548, 0.9997959733009338, 0.9717397093772888, 0.9981022477149963, 0.8394346237182617, 0.840390145778656, 0.9989688396453857, 0.9877676367759705, 0.9854610562324524, 0.9998718500137329, 0.9997373223304749, 0.9997363686561584, 0.8705637454986572, 0.9989854693412781]",Financial,0.3941144225694674,0.3702314836367499,0.18967114581822606,0.000418471812736243,0.840390145778656,0.9994028806686401,0.9999079704284668,1.1666574209812097e-05,9.932975808624178e-05,0.0019407531945034862,0.9994162321090698,1.1541394087544177e-05,0.0001058159614331089,0.005559239536523819,0.1604202538728714,0.31800568400814777,0.659018368914245
4341191,43,0.4977548465199251,0.42461508696588995,0.07763006461980106,0.4856713102541361,0.4288750866746637,0.08545360169731593,0.8985086194304532,0.14965328534476174,0.4890044331550598,negative,0.4977548465199251,"[{'negative': 0.9971798658370972, 'neutral': 0.0028156056068837643, 'positive': 4.516849912761245e-06}, {'negative': 0.9957060217857361, 'neutral': 0.004128871485590935, 'positive': 0.00016507989494130015}, {'negative': 0.0013750148937106133, 'neutral': 0.9984123706817627, 'positive': 0.00021259341156110168}, {'negative': 0.09979764372110367, 'neutral': 0.8683760166168213, 'positive': 0.03182634711265564}, {'negative': 0.005066804587841034, 'neutral': 0.7518334984779358, 'positive': 0.243099644780159}, {'negative': 0.00031379080610349774, 'neutral': 0.9989094734191895, 'positive': 0.0007767967181280255}, {'negative': 0.165938600897789, 'neutral': 0.6389968395233154, 'positive': 0.19506457448005676}, {'negative': 0.027737634256482124, 'neutral': 0.9719333648681641, 'positive': 0.0003290021268185228}, {'negative': 0.010480677708983421, 'neutral': 0.9895033836364746, 'positive': 1.5952222383930348e-05}, {'negative': 0.0003811434144154191, 'neutral': 0.9918013215065002, 'positive': 0.00781752448529005}, {'negative': 2.253537422802765e-05, 'neutral': 0.9999550580978394, 'positive': 2.237913759017829e-05}, {'negative': 0.0004607668670359999, 'neutral': 0.06670638173818588, 'positive': 0.9328327775001526}, {'negative': 0.4890044331550598, 'neutral': 0.3173166513442993, 'positive': 0.19367894530296326}, {'negative': 0.6467465758323669, 'neutral': 0.34944483637809753, 'positive': 0.003808584762737155}, {'negative': 0.0002699416072573513, 'neutral': 0.9976959824562073, 'positive': 0.002034092554822564}, {'negative': 0.0012713551986962557, 'neutral': 0.9692668318748474, 'positive': 0.0294618159532547}, {'negative': 0.9227458834648132, 'neutral': 0.0036222832277417183, 'positive': 0.07363177835941315}, {'negative': 0.0008214795379899442, 'neutral': 0.0016540813958272338, 'positive': 0.9975244402885437}, {'negative': 0.09838522970676422, 'neutral': 0.3799148499965668, 'positive': 0.5216999053955078}, {'negative': 0.4359517991542816, 'neutral': 0.5635444521903992, 'positive': 0.0005038230447098613}, {'negative': 0.9999591112136841, 'neutral': 1.765604793035891e-05, 'positive': 2.3198792405310087e-05}, {'negative': 0.9987315535545349, 'neutral': 4.236693712300621e-05, 'positive': 0.0012260343646630645}, {'negative': 0.9966801404953003, 'neutral': 0.002177869202569127, 'positive': 0.0011420646915212274}, {'negative': 0.9991437196731567, 'neutral': 9.149440302280709e-05, 'positive': 0.0007648443570360541}, {'negative': 0.9996098875999451, 'neutral': 0.00010994113836204633, 'positive': 0.00028017107979394495}, {'negative': 0.9999065399169922, 'neutral': 4.817262743017636e-05, 'positive': 4.532197635853663e-05}, {'negative': 0.9994562268257141, 'neutral': 0.0001460693747503683, 'positive': 0.00039770916919223964}, {'negative': 0.998117208480835, 'neutral': 0.0012798201059922576, 'positive': 0.0006030292715877295}, {'negative': 0.07982747256755829, 'neutral': 0.9192814826965332, 'positive': 0.0008910163305699825}, {'negative': 0.3538363575935364, 'neutral': 0.6420320868492126, 'positive': 0.004131567198783159}, {'negative': 0.9998654127120972, 'neutral': 2.8874494091724046e-05, 'positive': 0.00010571948223514482}, {'negative': 0.9997196793556213, 'neutral': 2.168744322261773e-05, 'positive': 0.00025855685817077756}, {'negative': 0.9988293051719666, 'neutral': 0.0003362341085448861, 'positive': 0.0008343998924829066}, {'negative': 0.7841280102729797, 'neutral': 0.2097245305776596, 'positive': 0.006147381849586964}, {'negative': 0.8338427543640137, 'neutral': 0.1657024323940277, 'positive': 0.00045484924339689314}, {'negative': 0.9878742098808289, 'neutral': 0.00031235726783052087, 'positive': 0.011813527904450893}, {'negative': 0.6668548583984375, 'neutral': 0.014435694552958012, 'positive': 0.31870946288108826}, {'negative': 0.0005017459043301642, 'neutral': 0.9993299245834351, 'positive': 0.0001684073213255033}, {'negative': 0.11784908920526505, 'neutral': 0.8447229862213135, 'positive': 0.037427958101034164}, {'negative': 0.1677788347005844, 'neutral': 0.8278982639312744, 'positive': 0.0043228440918028355}, {'negative': 0.0001386133662890643, 'neutral': 0.9998602867126465, 'positive': 1.0418290230518323e-06}, {'negative': 0.9490069150924683, 'neutral': 0.0008447659201920033, 'positive': 0.05014834180474281}, {'negative': 0.052551496773958206, 'neutral': 0.9473515748977661, 'positive': 9.685011173132807e-05}]","[0.9971798658370972, 0.9957060217857361, 0.9984123706817627, 0.8683760166168213, 0.7518334984779358, 0.9989094734191895, 0.6389968395233154, 0.9719333648681641, 0.9895033836364746, 0.9918013215065002, 0.9999550580978394, 0.9328327775001526, 0.4890044331550598, 0.6467465758323669, 0.9976959824562073, 0.9692668318748474, 0.9227458834648132, 0.9975244402885437, 0.5216999053955078, 0.5635444521903992, 0.9999591112136841, 0.9987315535545349, 0.9966801404953003, 0.9991437196731567, 0.9996098875999451, 0.9999065399169922, 0.9994562268257141, 0.998117208480835, 0.9192814826965332, 0.6420320868492126, 0.9998654127120972, 0.9997196793556213, 0.9988293051719666, 0.7841280102729797, 0.8338427543640137, 0.9878742098808289, 0.6668548583984375, 0.9993299245834351, 0.8447229862213135, 0.8278982639312744, 0.9998602867126465, 0.9490069150924683, 0.9473515748977661]",Conglomerate,0.44140085723163136,0.43047690691879814,0.21946848946126973,0.0002743265271419659,0.007773741148412228,0.9969300031661987,0.9998508393764496,3.0223738394852263e-05,0.0010622930130921304,0.9333165287971497,0.9992878794670105,1.6594913904555143e-05,0.00023557513486593962,0.03064408153295517,0.5014008611440656,0.3637820845372331,0.924041472618797
4368670,33,0.8711236852799367,0.12045696587534757,0.00841935567077067,0.8655986971908313,0.12384800072525402,0.010553309109772526,0.9761927868380691,0.060364627103368936,0.7247410416603088,negative,0.8711236852799367,"[{'negative': 0.9923862218856812, 'neutral': 0.007611200213432312, 'positive': 2.6238310510962037e-06}, {'negative': 0.0136955501511693, 'neutral': 0.9863038659095764, 'positive': 6.512438517347618e-07}, {'negative': 0.04853138327598572, 'neutral': 0.9514665603637695, 'positive': 2.052773652394535e-06}, {'negative': 0.9999796152114868, 'neutral': 1.1009507943526842e-05, 'positive': 9.459867214900441e-06}, {'negative': 0.11292416602373123, 'neutral': 0.8869925737380981, 'positive': 8.323357906192541e-05}, {'negative': 3.3659230211924296e-06, 'neutral': 0.9999964237213135, 'positive': 1.6161899907274346e-07}, {'negative': 0.9694467186927795, 'neutral': 0.030502989888191223, 'positive': 5.027370571042411e-05}, {'negative': 0.9928849339485168, 'neutral': 0.0006140725454315543, 'positive': 0.006501030642539263}, {'negative': 0.9680389165878296, 'neutral': 6.0929898609174415e-05, 'positive': 0.03190012276172638}, {'negative': 0.9992152452468872, 'neutral': 0.00016837370640132576, 'positive': 0.0006162773352116346}, {'negative': 0.9989173412322998, 'neutral': 0.001055568573065102, 'positive': 2.7167097869096324e-05}, {'negative': 0.9999845027923584, 'neutral': 8.141231774061453e-06, 'positive': 7.392048246401828e-06}, {'negative': 0.9993271827697754, 'neutral': 5.266904736345168e-06, 'positive': 0.0006676354096271098}, {'negative': 0.9865887761116028, 'neutral': 0.00021116083371452987, 'positive': 0.013200164772570133}, {'negative': 0.9994667172431946, 'neutral': 1.6543535821256228e-05, 'positive': 0.0005167464260011911}, {'negative': 0.9963743090629578, 'neutral': 0.0010799156734719872, 'positive': 0.002545763971284032}, {'negative': 0.995772659778595, 'neutral': 0.0035668218042701483, 'positive': 0.0006604185327887535}, {'negative': 0.9998965263366699, 'neutral': 7.360226300079376e-05, 'positive': 2.997684532601852e-05}, {'negative': 0.9998188614845276, 'neutral': 0.00011495020589791238, 'positive': 6.62846359773539e-05}, {'negative': 0.988275945186615, 'neutral': 2.8132679290138185e-05, 'positive': 0.01169583760201931}, {'negative': 0.9975390434265137, 'neutral': 0.002048079390078783, 'positive': 0.00041293047252111137}, {'negative': 0.9999446868896484, 'neutral': 1.313068514718907e-05, 'positive': 4.219149923301302e-05}, {'negative': 0.9998482465744019, 'neutral': 2.707314251892967e-06, 'positive': 0.00014894369815010577}, {'negative': 0.9995824694633484, 'neutral': 7.015415758360177e-05, 'positive': 0.00034736134693957865}, {'negative': 0.9997559189796448, 'neutral': 0.00015912340313661844, 'positive': 8.49476782605052e-05}, {'negative': 0.7247410416603088, 'neutral': 0.000593675475101918, 'positive': 0.27466529607772827}, {'negative': 0.9980443716049194, 'neutral': 2.2399477529688738e-05, 'positive': 0.001933199935592711}, {'negative': 0.9993935823440552, 'neutral': 0.0002041576080955565, 'positive': 0.0004021606291644275}, {'negative': 0.7868290543556213, 'neutral': 0.21308207511901855, 'positive': 8.892460755305365e-05}, {'negative': 0.9999592304229736, 'neutral': 5.1630977395689115e-06, 'positive': 3.564906364772469e-05}, {'negative': 0.9999746084213257, 'neutral': 1.1256796824454796e-05, 'positive': 1.4139437553239986e-05}, {'negative': 0.9980335831642151, 'neutral': 0.000795289350207895, 'positive': 0.0011711097322404385}, {'negative': 0.9995822310447693, 'neutral': 8.870886085787788e-05, 'positive': 0.0003290717431809753}]","[0.9923862218856812, 0.9863038659095764, 0.9514665603637695, 0.9999796152114868, 0.8869925737380981, 0.9999964237213135, 0.9694467186927795, 0.9928849339485168, 0.9680389165878296, 0.9992152452468872, 0.9989173412322998, 0.9999845027923584, 0.9993271827697754, 0.9865887761116028, 0.9994667172431946, 0.9963743090629578, 0.995772659778595, 0.9998965263366699, 0.9998188614845276, 0.988275945186615, 0.9975390434265137, 0.9999446868896484, 0.9998482465744019, 0.9995824694633484, 0.9997559189796448, 0.7247410416603088, 0.9980443716049194, 0.9993935823440552, 0.7868290543556213, 0.9999592304229736, 0.9999746084213257, 0.9980335831642151, 0.9995822310447693]",Utilities,0.31103550264912255,0.3116466955693847,0.04708161574403916,0.03459705002605915,0.9865887761116028,0.9997559189796448,0.9999766111373901,5.225381937634666e-06,2.2399477529688738e-05,0.002048079390078783,0.9654014825820922,1.492161732130626e-06,2.997684532601852e-05,0.0006676354096271098,0.020680147968232605,0.22325460465418212,0.43164801333444863
